"132,132,49,49"
"1,32,13,21,11,111"
"155,155,74,74"
"1,55,15,51,24,124"
"1,62,16,21,33,133"
"255,255,39,39"
"255,255,41,41"
"255,255,41,41"
"255,255,64,64"
"2,55,25,51,36,136"
"145,145,83,83"
"148,148,51,51"
"1,48,14,81,21,121"
"168,168,63,63"
"168,168,65,65"
"1,68,16,81,44,144"
"152,152,86,86"
"79,79,65,65"
"170,170,51,51"
"1,70,17,01,38,138"
"2,11,21,11,77,177"
"364,364,34,34"
"364,364,40,40"
"364,364,58,58"
"364,364,61,61"
"364,364,75,75"
"3,64,36,41,95,195"
"81,81,64,64"
"209,209,96,96"
"2,09,20,91,66,166"
"180,180,58,58"
"1,80,18,01,49,149"
"2,18,21,81,06,106"
"2,18,21,81,86,186"
"407,407,31,31"
"407,407,42,42"
"4,07,40,72,10,210"
"4,07,40,73,64,364"
"74,74,60,60"
"89,89,39,39"
"116,116,30,30"
"116,116,67,67"
"116,116,78,78"
"2,11,21,11,04,104"
"2,11,21,11,68,168"
"194,194,62,62"
"1,94,19,41,59,159"
"128,128,36,36"
"128,128,39,39"
"128,128,81,81"
"208,208,42,42"
"208,208,41,41"
"208,208,96,96"
"2,08,20,81,85,185"
"238,238,62,62"
"2,38,23,81,17,117"
"2,38,23,82,12,212"
"132,132,40,40"
"132,132,67,67"
"132,132,87,87"
"216,216,40,40"
"216,216,61,61"
"2,16,21,61,01,101"
"239,239,59,59"
"239,239,80,80"
"2,39,23,92,07,207"
"2,62,26,22,18,218"
"138,138,40,40"
"138,138,40,40"
"138,138,90,90"
"301,301,41,41"
"301,301,40,40"
"301,301,61,61"
"3,01,30,11,35,135"
"3,01,30,12,55,255"
"1,66,16,61,21,121"
"351,351,40,40"
"3,51,35,12,89,289"
"82,82,41,41"
"82,82,66,66"
"1,69,16,91,18,118"
"103,103,79,79"
"1,93,19,31,42,142"
"115,115,41,41"
"115,115,91,91"
"224,224,65,65"
"2,24,22,41,17,117"
"117,117,42,42"
"117,117,41,41"
"117,117,88,88"
"229,229,40,40"
"2,29,22,91,16,116"
"2,29,22,92,05,205"
"88,88,62,62"
"53,53,38,38"
"131,131,89,89"
"50,50,38,38"
"55,55,40,40"
"174,174,63,63"
"1,74,17,41,05,105"
"1,74,17,41,47,147"
"51,51,39,39"
"55,55,41,41"
"53,53,38,38"
"54,54,41,41"
"51,51,37,37"
"60,60,44,44"
"56,56,42,42"
"54,54,40,40"
"66,66,49,49"
"50,50,39,39"
"59,59,43,43"
"76,76,57,57"
"74,74,48,48"
"66,66,47,47"
"60,60,44,44"
"79,79,65,65"
"116,116,62,62"
"116,116,68,68"
"68,68,53,53"
"67,67,48,48"
"98,98,74,74"
"151,151,87,87"
"151,151,72,72"
"51,51,37,37"
"74,74,51,51"
"118,118,96,96"
"53,53,39,39"
"79,79,65,65"
"97,97,65,65"
"1,64,16,41,36,136"
"44,44,31,31"
"53,53,41,41"
"85,85,65,65"
"69,69,45,45"
"116,116,78,78"
"50,50,36,36"
"58,58,42,42"
"96,96,77,77"
"151,151,40,40"
"151,151,62,62"
"151,151,91,91"
"50,50,37,37"
"106,106,89,89"
"53,53,40,40"
"75,75,40,40"
"75,75,60,60"
"1,28,12,81,03,103"
"58,58,43,43"
"84,84,49,49"
"1,53,15,31,23,123"
"48,48,34,34"
"62,62,45,45"
"116,116,54,54"
"116,116,88,88"
"1,74,17,41,34,134"
"50,50,38,38"
"67,67,47,47"
"138,138,69,69"
"2,40,24,02,08,208"
"50,50,38,38"
"75,75,54,54"
"59,59,43,43"
"83,83,63,63"
"61,61,45,45"
"99,99,76,76"
"72,72,54,54"
"115,115,86,86"
"45,45,30,30"
"81,81,66,66"
"127,127,52,52"
"1,27,12,71,05,105"
"48,48,32,32"
"49,49,37,37"
"104,104,84,84"
"180,180,64,64"
"1,80,18,01,39,139"
"48,48,34,34"
"47,47,33,33"
"129,129,40,40"
"1,29,12,91,04,104"
"52,52,38,38"
"52,52,37,37"
"2,16,21,61,67,167"
"54,54,41,41"
"56,56,41,41"
"57,57,43,43"
"63,63,45,45"
"53,53,35,35"
"46,46,34,34"
"49,49,39,39"
"59,59,44,44"
"61,61,46,46"
"49,49,36,36"
"51,51,39,39"
"66,66,45,45"
"74,74,52,52"
"53,53,40,40"
"56,56,42,42"
"82,82,57,57"
"74,74,56,56"
"92,92,63,63"
"57,57,43,43"
"61,61,43,43"
"82,82,62,62"
"60,60,43,43"
"119,119,85,85"
"68,68,52,52"
"99,99,42,42"
"99,99,69,69"
"64,64,45,45"
"74,74,57,57"
"116,116,85,85"
"1,96,19,61,70,170"
"89,89,64,64"
"75,75,51,51"
"1,45,14,51,13,113"
"100,100,73,73"
"90,90,67,67"
"125,125,91,91"
"128,128,39,39"
"1,28,12,81,02,102"
"1,47,14,71,17,117"
"52,52,38,38"
"52,52,36,36"
"58,58,44,44"
"59,59,42,42"
"63,63,45,45"
"69,69,49,49"
"35,35,24,24"
"73,73,53,53"
"87,87,63,63"
"41,41,28,28"
"88,88,60,60"
"44,44,31,31"
"114,114,75,75"
"51,51,37,37"
"116,116,83,83"
"53,53,40,40"
"127,127,93,93"
"58,58,43,43"
"63,63,49,49"
"42,42,30,30"
"76,76,53,53"
"45,45,30,30"
"49,49,36,36"
"91,91,56,56"
"50,50,39,39"
"51,51,36,36"
"101,101,68,68"
"50,50,38,38"
"56,56,41,41"
"155,155,40,40"
"1,55,15,51,03,103"
"56,56,41,41"
"61,61,45,45"
"58,58,43,43"
"71,71,51,51"
"63,63,46,46"
"83,83,64,64"
"70,70,49,49"
"102,102,86,86"
"80,80,61,61"
"92,92,64,64"
"102,102,73,73"
"126,126,93,93"
"164,164,39,39"
"164,164,40,40"
"1,64,16,41,23,123"
"44,44,31,31"
"44,44,32,32"
"52,52,39,39"
"54,54,42,42"
"61,61,45,45"
"74,74,52,52"
"91,91,61,61"
"113,113,63,63"
"113,113,96,96"
"1,79,17,91,56,156"
"50,50,39,39"
"58,58,45,45"
"71,71,56,56"
"75,75,43,43"
"75,75,62,62"
"123,123,35,35"
"1,23,12,31,02,102"
"54,54,40,40"
"55,55,41,41"
"80,80,63,63"
"62,62,40,40"
"62,62,51,51"
"85,85,65,65"
"63,63,40,40"
"59,59,41,41"
"62,62,47,47"
"79,79,66,66"
"103,103,38,38"
"103,103,85,85"
"74,74,53,53"
"74,74,39,39"
"73,73,54,54"
"101,101,39,39"
"101,101,66,66"
"101,101,83,83"
"135,135,40,40"
"135,135,40,40"
"1,35,13,51,14,114"
"147,147,99,99"
"103,103,64,64"
"82,82,64,64"
"143,143,40,40"
"143,143,39,39"
"1,43,14,31,21,121"
"49,49,38,38"
"82,82,66,66"
"104,104,64,64"
"104,104,91,91"
"55,55,42,42"
"103,103,39,39"
"103,103,86,86"
"59,59,43,43"
"116,116,93,93"
"128,128,42,42"
"1,28,12,81,04,104"
"50,50,39,39"
"63,63,45,45"
"57,57,44,44"
"76,76,53,53"
"65,65,40,40"
"65,65,51,51"
"88,88,59,59"
"78,78,52,52"
"69,69,42,42"
"106,106,55,55"
"106,106,39,39"
"58,58,44,44"
"51,51,37,37"
"98,98,68,68"
"55,55,39,39"
"60,60,46,46"
"134,134,40,40"
"134,134,85,85"
"54,54,40,40"
"49,49,38,38"
"74,74,60,60"
"54,54,43,43"
"70,70,45,45"
"87,87,70,70"
"59,59,46,46"
"55,55,42,42"
"53,53,41,41"
"71,71,55,55"
"75,75,62,62"
"116,116,68,68"
"116,116,68,68"
"1,44,14,41,22,122"
"57,57,44,44"
"62,62,48,48"
"86,86,67,67"
"89,89,60,60"
"70,70,51,51"
"77,77,55,55"
"93,93,71,71"
"48,48,33,33"
"60,60,44,44"
"80,80,65,65"
"88,88,71,71"
"114,114,94,94"
"56,56,41,41"
"61,61,44,44"
"53,53,41,41"
"98,98,62,62"
"98,98,82,82"
"1,35,13,51,13,113"
"153,153,42,42"
"153,153,42,42"
"1,53,15,31,22,122"
"64,64,45,45"
"51,51,39,39"
"73,73,55,55"
"116,116,62,62"
"132,132,44,44"
"1,32,13,21,12,112"
"70,70,49,49"
"79,79,59,59"
"64,64,45,45"
"51,51,39,39"
"52,52,39,39"
"65,65,47,47"
"69,69,43,43"
"88,88,66,66"
"89,89,58,58"
"57,57,45,45"
"57,57,45,45"
"78,78,61,61"
"104,104,41,41"
"112,112,92,92"
"65,65,41,41"
"63,63,46,46"
"85,85,65,65"
"81,81,59,59"
"78,78,61,61"
"51,51,37,37"
"89,89,61,61"
"99,99,72,72"
"53,53,42,42"
"129,129,84,84"
"133,133,92,92"
"63,63,45,45"
"53,53,42,42"
"58,58,44,44"
"63,63,44,44"
"70,70,51,51"
"75,75,61,61"
"77,77,42,42"
"77,77,62,62"
"50,50,39,39"
"58,58,45,45"
"71,71,56,56"
"75,75,43,43"
"75,75,62,62"
"123,123,35,35"
"1,23,12,31,02,102"
"54,54,40,40"
"62,62,40,40"
"62,62,51,51"
"55,55,41,41"
"80,80,63,63"
"85,85,65,65"
"63,63,40,40"
"59,59,41,41"
"62,62,47,47"
"79,79,66,66"
"103,103,38,38"
"103,103,85,85"
"74,74,53,53"
"74,74,39,39"
"73,73,54,54"
"101,101,39,39"
"101,101,66,66"
"101,101,83,83"
"147,147,99,99"
"135,135,40,40"
"135,135,40,40"
"1,35,13,51,14,114"
"103,103,64,64"
"82,82,64,64"
"143,143,39,39"
"143,143,40,40"
"1,43,14,31,21,121"
"49,49,38,38"
"82,82,66,66"
"104,104,64,64"
"104,104,91,91"
"55,55,42,42"
"103,103,39,39"
"103,103,86,86"
"59,59,43,43"
"116,116,93,93"
"128,128,42,42"
"1,28,12,81,04,104"
"50,50,39,39"
"63,63,45,45"
"57,57,44,44"
"76,76,53,53"
"65,65,40,40"
"65,65,51,51"
"88,88,59,59"
"78,78,52,52"
"69,69,42,42"
"106,106,55,55"
"106,106,39,39"
"58,58,44,44"
"51,51,37,37"
"98,98,68,68"
"55,55,39,39"
"60,60,46,46"
"134,134,40,40"
"134,134,85,85"
"49,49,38,38"
"54,54,40,40"
"74,74,60,60"
"54,54,43,43"
"70,70,45,45"
"87,87,70,70"
"59,59,46,46"
"55,55,42,42"
"53,53,41,41"
"71,71,55,55"
"75,75,62,62"
"116,116,68,68"
"116,116,68,68"
"1,44,14,41,22,122"
"57,57,44,44"
"62,62,48,48"
"86,86,67,67"
"89,89,60,60"
"70,70,51,51"
"77,77,55,55"
"93,93,71,71"
"48,48,33,33"
"60,60,44,44"
"80,80,65,65"
"88,88,71,71"
"114,114,94,94"
"56,56,41,41"
"61,61,44,44"
"53,53,41,41"
"98,98,62,62"
"98,98,82,82"
"153,153,42,42"
"153,153,42,42"
"1,53,15,31,22,122"
"1,35,13,51,13,113"
"64,64,45,45"
"51,51,39,39"
"73,73,55,55"
"132,132,44,44"
"1,32,13,21,12,112"
"116,116,62,62"
"70,70,49,49"
"79,79,59,59"
"64,64,45,45"
"51,51,39,39"
"52,52,39,39"
"65,65,47,47"
"69,69,43,43"
"88,88,66,66"
"89,89,58,58"
"78,78,61,61"
"57,57,45,45"
"57,57,45,45"
"104,104,41,41"
"112,112,92,92"
"65,65,41,41"
"63,63,46,46"
"85,85,65,65"
"81,81,59,59"
"78,78,61,61"
"51,51,37,37"
"89,89,61,61"
"99,99,72,72"
"53,53,42,42"
"129,129,84,84"
"133,133,92,92"
"63,63,45,45"
"53,53,42,42"
"70,70,51,51"
"63,63,44,44"
"58,58,44,44"
"75,75,61,61"
"77,77,42,42"
"77,77,62,62"
"63,63,42,42"
"113,113,81,81"
"55,55,39,39"
"1,46,14,61,17,117"
"116,116,78,78"
"52,52,36,36"
"114,114,87,87"
"44,44,28,28"
"58,58,40,40"
"91,91,62,62"
"75,75,52,52"
"59,59,43,43"
"42,42,30,30"
"63,63,42,42"
"58,58,43,43"
"1,47,14,71,09,109"
"42,42,30,30"
"63,63,41,41"
"57,57,43,43"
"118,118,81,81"
"54,54,40,40"
"53,53,31,31"
"96,96,67,67"
"63,63,42,42"
"113,113,81,81"
"55,55,39,39"
"1,46,14,61,17,117"
"116,116,78,78"
"52,52,36,36"
"114,114,87,87"
"44,44,28,28"
"58,58,40,40"
"91,91,62,62"
"75,75,52,52"
"59,59,43,43"
"42,42,30,30"
"63,63,42,42"
"58,58,43,43"
"1,47,14,71,09,109"
"42,42,30,30"
"63,63,41,41"
"57,57,43,43"
"118,118,81,81"
"54,54,40,40"
"53,53,31,31"
"96,96,67,67"
"63,63,42,42"
"113,113,81,81"
"55,55,39,39"
"1,46,14,61,17,117"
"116,116,78,78"
"52,52,36,36"
"114,114,87,87"
"44,44,28,28"
"58,58,40,40"
"91,91,62,62"
"63,63,42,42"
"113,113,81,81"
"55,55,39,39"
"1,46,14,61,17,117"
"116,116,78,78"
"52,52,36,36"
"114,114,87,87"
"44,44,28,28"
"58,58,40,40"
"91,91,62,62"
"75,75,52,52"
"59,59,43,43"
"50,50,39,39"
"58,58,45,45"
"71,71,56,56"
"75,75,43,43"
"75,75,62,62"
"123,123,35,35"
"1,23,12,31,02,102"
"54,54,40,40"
"62,62,40,40"
"62,62,51,51"
"55,55,41,41"
"80,80,63,63"
"85,85,65,65"
"63,63,40,40"
"59,59,41,41"
"62,62,47,47"
"79,79,66,66"
"103,103,38,38"
"103,103,85,85"
"74,74,53,53"
"74,74,39,39"
"73,73,54,54"
"101,101,39,39"
"101,101,66,66"
"101,101,83,83"
"135,135,40,40"
"135,135,40,40"
"1,35,13,51,14,114"
"147,147,99,99"
"103,103,64,64"
"82,82,64,64"
"143,143,39,39"
"143,143,40,40"
"1,43,14,31,21,121"
"49,49,38,38"
"82,82,66,66"
"104,104,64,64"
"104,104,91,91"
"55,55,42,42"
"103,103,39,39"
"103,103,86,86"
"59,59,43,43"
"116,116,93,93"
"128,128,42,42"
"1,28,12,81,04,104"
"50,50,39,39"
"63,63,45,45"
"57,57,44,44"
"76,76,53,53"
"65,65,40,40"
"65,65,51,51"
"88,88,59,59"
"78,78,52,52"
"69,69,42,42"
"106,106,55,55"
"106,106,39,39"
"58,58,44,44"
"51,51,37,37"
"98,98,68,68"
"55,55,39,39"
"60,60,46,46"
"134,134,40,40"
"134,134,85,85"
"49,49,38,38"
"54,54,40,40"
"74,74,60,60"
"54,54,43,43"
"70,70,45,45"
"87,87,70,70"
"59,59,46,46"
"55,55,42,42"
"53,53,41,41"
"71,71,55,55"
"75,75,62,62"
"116,116,68,68"
"116,116,68,68"
"1,44,14,41,22,122"
"57,57,44,44"
"62,62,48,48"
"86,86,67,67"
"89,89,60,60"
"70,70,51,51"
"77,77,55,55"
"93,93,71,71"
"48,48,33,33"
"60,60,44,44"
"80,80,65,65"
"88,88,71,71"
"114,114,94,94"
"56,56,41,41"
"61,61,44,44"
"53,53,41,41"
"98,98,62,62"
"98,98,82,82"
"153,153,42,42"
"153,153,42,42"
"1,53,15,31,22,122"
"1,35,13,51,13,113"
"64,64,45,45"
"51,51,39,39"
"73,73,55,55"
"116,116,62,62"
"132,132,44,44"
"1,32,13,21,12,112"
"70,70,49,49"
"79,79,59,59"
"64,64,45,45"
"51,51,39,39"
"52,52,39,39"
"65,65,47,47"
"69,69,43,43"
"88,88,66,66"
"89,89,58,58"
"57,57,45,45"
"57,57,45,45"
"78,78,61,61"
"104,104,41,41"
"112,112,92,92"
"65,65,41,41"
"63,63,46,46"
"85,85,65,65"
"81,81,59,59"
"78,78,61,61"
"51,51,37,37"
"89,89,61,61"
"99,99,72,72"
"53,53,42,42"
"129,129,84,84"
"133,133,92,92"
"53,53,42,42"
"63,63,45,45"
"58,58,44,44"
"63,63,44,44"
"70,70,51,51"
"75,75,61,61"
"77,77,42,42"
"77,77,62,62"
"63,63,42,42"
"113,113,81,81"
"55,55,39,39"
"1,46,14,61,17,117"
"116,116,78,78"
"52,52,36,36"
"114,114,87,87"
"44,44,28,28"
"58,58,40,40"
"91,91,62,62"
"59,59,43,43"
"75,75,52,52"
"42,42,30,30"
"63,63,42,42"
"58,58,43,43"
"1,47,14,71,09,109"
"42,42,30,30"
"63,63,41,41"
"57,57,43,43"
"118,118,81,81"
"54,54,40,40"
"53,53,31,31"
"96,96,67,67"
"52,52,38,38"
"81,81,62,62"
"53,53,37,37"
"125,125,39,39"
"125,125,95,95"
"67,67,50,50"
"53,53,33,33"
"62,62,42,42"
"103,103,81,81"
"49,49,34,34"
"60,60,42,42"
"89,89,66,66"
"57,57,42,42"
"76,76,60,60"
"62,62,42,42"
"56,56,40,40"
"49,49,38,38"
"52,52,39,39"
"1,35,13,51,04,104"
"89,89,42,42"
"53,53,40,40"
"110,110,81,81"
"1,34,13,41,13,113"
"151,151,53,53"
"196,196,64,64"
"1,96,19,61,33,133"
"88,88,67,67"
"79,79,46,46"
"1,32,13,21,07,107"
"71,71,56,56"
"104,104,84,84"
"60,60,46,46"
"53,53,40,40"
"88,88,68,68"
"1,38,13,81,06,106"
"57,57,43,43"
"73,73,59,59"
"105,105,77,77"
"50,50,39,39"
"64,64,44,44"
"80,80,41,41"
"80,80,65,65"
"116,116,42,42"
"116,116,70,70"
"53,53,39,39"
"58,58,44,44"
"56,56,41,41"
"60,60,45,45"
"50,50,38,38"
"56,56,41,41"
"51,51,38,38"
"48,48,34,34"
"53,53,37,37"
"79,79,41,41"
"79,79,63,63"
"151,151,61,61"
"151,151,61,61"
"56,56,35,35"
"142,142,58,58"
"1,42,14,21,11,111"
"110,110,40,40"
"110,110,88,88"
"91,91,71,71"
"77,77,61,61"
"63,63,47,47"
"58,58,44,44"
"1,36,13,61,02,102"
"56,56,41,41"
"112,112,88,88"
"51,51,38,38"
"100,100,77,77"
"48,48,34,34"
"82,82,64,64"
"268,268,61,61"
"2,68,26,82,02,202"
"1,76,17,61,17,117"
"215,215,52,52"
"2,15,21,51,77,177"
"63,63,47,47"
"135,135,92,92"
"181,181,41,41"
"181,181,40,40"
"181,181,40,40"
"1,81,18,11,37,137"
"231,231,94,94"
"2,31,23,11,96,196"
"59,59,44,44"
"103,103,69,69"
"172,172,40,40"
"1,72,17,21,29,129"
"40,40,29,29"
"88,88,64,64"
"53,53,42,42"
"1,29,12,91,02,102"
"51,51,39,39"
"61,61,43,43"
"116,116,98,98"
"130,130,94,94"
"49,49,39,39"
"61,61,42,42"
"114,114,74,74"
"47,47,32,32"
"60,60,40,40"
"60,60,45,45"
"106,106,72,72"
"55,55,41,41"
"89,89,60,60"
"89,89,65,65"
"81,81,55,55"
"122,122,82,82"
"98,98,67,67"
"75,75,60,60"
"59,59,42,42"
"98,98,65,65"
"98,98,66,66"
"89,89,66,66"
"1,93,19,31,46,146"
"44,44,32,32"
"64,64,42,42"
"82,82,58,58"
"1,50,15,01,18,118"
"76,76,46,46"
"56,56,39,39"
"1,32,13,21,00,100"
"155,155,74,74"
"1,55,15,51,24,124"
"132,132,49,49"
"1,32,13,21,11,111"
"1,62,16,21,33,133"
"255,255,39,39"
"255,255,41,41"
"255,255,41,41"
"255,255,64,64"
"2,55,25,51,36,136"
"145,145,83,83"
"148,148,51,51"
"1,48,14,81,21,121"
"168,168,63,63"
"168,168,65,65"
"1,68,16,81,44,144"
"152,152,86,86"
"79,79,65,65"
"170,170,51,51"
"1,70,17,01,38,138"
"2,11,21,11,77,177"
"364,364,34,34"
"364,364,40,40"
"364,364,58,58"
"364,364,61,61"
"364,364,75,75"
"3,64,36,41,95,195"
"81,81,64,64"
"209,209,96,96"
"2,09,20,91,66,166"
"180,180,58,58"
"1,80,18,01,49,149"
"2,18,21,81,06,106"
"2,18,21,81,86,186"
"407,407,31,31"
"407,407,42,42"
"4,07,40,72,10,210"
"4,07,40,73,64,364"
"74,74,60,60"
"89,89,39,39"
"116,116,30,30"
"116,116,67,67"
"116,116,78,78"
"194,194,62,62"
"1,94,19,41,59,159"
"2,11,21,11,04,104"
"2,11,21,11,68,168"
"128,128,36,36"
"128,128,39,39"
"128,128,81,81"
"208,208,42,42"
"208,208,41,41"
"208,208,96,96"
"2,08,20,81,85,185"
"238,238,62,62"
"2,38,23,81,17,117"
"2,38,23,82,12,212"
"132,132,40,40"
"132,132,67,67"
"132,132,87,87"
"216,216,40,40"
"216,216,61,61"
"2,16,21,61,01,101"
"239,239,59,59"
"239,239,80,80"
"2,39,23,92,07,207"
"2,62,26,22,18,218"
"138,138,40,40"
"138,138,40,40"
"138,138,90,90"
"301,301,41,41"
"301,301,40,40"
"301,301,61,61"
"3,01,30,11,35,135"
"3,01,30,12,55,255"
"1,66,16,61,21,121"
"351,351,40,40"
"3,51,35,12,89,289"
"82,82,41,41"
"82,82,66,66"
"1,69,16,91,18,118"
"103,103,79,79"
"1,93,19,31,42,142"
"115,115,41,41"
"115,115,91,91"
"224,224,65,65"
"2,24,22,41,17,117"
"117,117,42,42"
"117,117,41,41"
"117,117,88,88"
"229,229,40,40"
"2,29,22,91,16,116"
"2,29,22,92,05,205"
"117,117,42,42"
"117,117,90,90"
"1,90,19,01,54,154"
"128,128,42,42"
"1,28,12,81,00,100"
"89,89,39,39"
"89,89,44,44"
"135,135,46,46"
"1,35,13,51,05,105"
"145,145,56,56"
"1,45,14,51,10,110"
"154,154,59,59"
"154,154,60,60"
"1,54,15,41,17,117"
"122,122,66,66"
"122,122,98,98"
"139,139,60,60"
"139,139,98,98"
"92,92,40,40"
"92,92,70,70"
"1,33,13,31,03,103"
"128,128,48,48"
"128,128,78,78"
"128,128,61,61"
"169,169,61,61"
"169,169,61,61"
"1,69,16,91,44,144"
"196,196,56,56"
"196,196,74,74"
"1,96,19,61,02,102"
"1,96,19,61,51,151"
"91,91,69,69"
"101,101,39,39"
"140,140,42,42"
"140,140,94,94"
"140,140,65,65"
"198,198,48,48"
"198,198,59,59"
"198,198,71,71"
"1,98,19,81,42,142"
"1,98,19,81,28,128"
"100,100,78,78"
"122,122,98,98"
"1,46,14,61,02,102"
"203,203,65,65"
"203,203,75,75"
"2,03,20,31,28,128"
"114,114,87,87"
"1,25,12,51,03,103"
"1,67,16,71,16,116"
"222,222,38,38"
"222,222,41,41"
"222,222,68,68"
"2,22,22,21,03,103"
"2,22,22,21,06,106"
"196,196,40,40"
"1,96,19,61,17,117"
"99,99,50,50"
"99,99,74,74"
"127,127,42,42"
"127,127,39,39"
"1,27,12,71,03,103"
"126,126,97,97"
"1,72,17,21,26,126"
"278,278,81,81"
"278,278,77,77"
"2,78,27,81,33,133"
"2,78,27,81,95,195"
"65,65,44,44"
"105,105,70,70"
"105,105,62,62"
"1,31,13,11,02,102"
"116,116,49,49"
"116,116,61,61"
"116,116,40,40"
"1,74,17,41,31,131"
"1,49,14,91,16,116"
"90,90,60,60"
"120,120,39,39"
"120,120,74,74"
"120,120,62,62"
"1,44,14,41,11,111"
"152,152,39,39"
"152,152,42,42"
"1,52,15,21,23,123"
"1,80,18,01,30,130"
"308,308,29,29"
"308,308,37,37"
"3,08,30,81,05,105"
"3,08,30,82,15,215"
"122,122,80,80"
"106,106,30,30"
"106,106,65,65"
"1,53,15,31,18,118"
"121,121,39,39"
"121,121,60,60"
"121,121,76,76"
"111,111,66,66"
"154,154,46,46"
"1,54,15,41,20,120"
"142,142,92,92"
"174,174,74,74"
"1,74,17,41,34,134"
"2,08,20,81,81,181"
"53,53,37,37"
"143,143,95,95"
"143,143,67,67"
"146,146,40,40"
"146,146,39,39"
"146,146,73,73"
"1,46,14,61,10,110"
"198,198,39,39"
"198,198,57,57"
"70,70,46,46"
"160,160,78,78"
"160,160,40,40"
"160,160,83,83"
"1,60,16,01,37,137"
"1,67,16,71,15,115"
"92,92,64,64"
"87,87,54,54"
"87,87,64,64"
"107,107,49,49"
"107,107,88,88"
"166,166,79,79"
"1,66,16,61,34,134"
"192,192,51,51"
"192,192,45,45"
"192,192,64,64"
"192,192,89,89"
"192,192,90,90"
"1,92,19,21,57,157"
"110,110,64,64"
"110,110,51,51"
"96,96,66,66"
"89,89,43,43"
"168,168,40,40"
"168,168,39,39"
"2,40,24,01,95,195"
"122,122,40,40"
"122,122,78,78"
"107,107,44,44"
"107,107,50,50"
"107,107,88,88"
"112,112,82,82"
"1,39,13,91,10,110"
"235,235,62,62"
"2,35,23,51,15,115"
"2,35,23,51,96,196"
"119,119,40,40"
"119,119,58,58"
"119,119,75,75"
"81,81,55,55"
"118,118,34,34"
"118,118,39,39"
"118,118,74,74"
"118,118,81,81"
"120,120,96,96"
"121,121,39,39"
"121,121,39,39"
"121,121,79,79"
"127,127,58,58"
"1,27,12,71,06,106"
"150,150,35,35"
"150,150,97,97"
"150,150,65,65"
"105,105,40,40"
"105,105,52,52"
"105,105,62,62"
"157,157,41,41"
"157,157,41,41"
"157,157,39,39"
"1,57,15,71,01,101"
"143,143,41,41"
"143,143,99,99"
"143,143,91,91"
"1,34,13,41,13,113"
"138,138,64,64"
"138,138,65,65"
"1,38,13,81,14,114"
"1,64,16,41,14,114"
"134,134,84,84"
"134,134,72,72"
"156,156,43,43"
"1,56,15,61,17,117"
"53,53,40,40"
"89,89,39,39"
"89,89,75,75"
"144,144,48,48"
"1,44,14,41,05,105"
"1,60,16,01,30,130"
"172,172,48,48"
"1,72,17,21,36,136"
"117,117,91,91"
"161,161,45,45"
"161,161,89,89"
"1,61,16,11,06,106"
"1,61,16,11,42,142"
"2,24,22,41,74,174"
"1,27,12,71,03,103"
"218,218,33,33"
"218,218,43,43"
"218,218,57,57"
"2,18,21,81,37,137"
"151,151,42,42"
"151,151,40,40"
"151,151,41,41"
"151,151,39,39"
"151,151,40,40"
"151,151,60,60"
"151,151,85,85"
"151,151,94,94"
"186,186,66,66"
"196,196,40,40"
"1,96,19,61,33,133"
"146,146,63,63"
"1,46,14,61,12,112"
"198,198,40,40"
"198,198,39,39"
"198,198,45,45"
"198,198,63,63"
"198,198,93,93"
"1,98,19,81,08,108"
"2,13,21,31,72,172"
"53,53,40,40"
"1,52,15,21,14,114"
"218,218,39,39"
"2,18,21,81,12,112"
"2,18,21,81,81,181"
"87,87,40,40"
"87,87,65,65"
"1,63,16,31,31,131"
"102,102,40,40"
"102,102,80,80"
"1,79,17,91,49,149"
"111,111,40,40"
"111,111,85,85"
"167,167,37,37"
"167,167,41,41"
"167,167,62,62"
"115,115,39,39"
"115,115,88,88"
"80,80,50,50"
"90,90,71,71"
"122,122,41,41"
"122,122,97,97"
"90,90,40,40"
"90,90,59,59"
"102,102,78,78"
"130,130,42,42"
"1,30,13,01,00,100"
"99,99,62,62"
"92,92,40,40"
"92,92,39,39"
"92,92,71,71"
"103,103,39,39"
"103,103,82,82"
"143,143,46,46"
"1,43,14,31,09,109"
"109,109,88,88"
"112,112,73,73"
"104,104,40,40"
"104,104,88,88"
"156,156,53,53"
"1,56,15,61,23,123"
"1,22,12,21,01,101"
"126,126,98,98"
"111,111,40,40"
"111,111,96,96"
"167,167,59,59"
"1,67,16,71,37,137"
"1,33,13,31,06,106"
"116,116,41,41"
"1,16,11,61,00,100"
"133,133,91,91"
"182,182,61,61"
"1,82,18,21,52,152"
"123,123,41,41"
"1,23,12,31,08,108"
"140,140,97,97"
"1,45,14,51,18,118"
"210,210,62,62"
"2,10,21,01,68,168"
"1,96,19,61,14,114"
"142,142,40,40"
"1,42,14,21,15,115"
"1,60,16,01,25,125"
"1,38,13,81,01,101"
"1,61,16,11,33,133"
"195,195,65,65"
"1,95,19,51,62,162"
"53,53,41,41"
"217,217,62,62"
"2,17,21,71,79,179"
"165,165,41,41"
"165,165,42,42"
"165,165,61,61"
"1,65,16,51,40,140"
"88,88,39,39"
"88,88,39,39"
"88,88,40,40"
"88,88,45,45"
"88,88,64,64"
"91,91,41,41"
"91,91,67,67"
"89,89,39,39"
"102,102,41,41"
"102,102,78,78"
"116,116,81,81"
"77,77,54,54"
"113,113,39,39"
"113,113,71,71"
"94,94,62,62"
"94,94,55,55"
"119,119,41,41"
"119,119,78,78"
"116,116,38,38"
"116,116,70,70"
"116,116,95,95"
"135,135,89,89"
"115,115,41,41"
"115,115,76,76"
"115,115,62,62"
"111,111,61,61"
"111,111,41,41"
"111,111,42,42"
"111,111,57,57"
"127,127,96,96"
"226,226,44,44"
"226,226,39,39"
"2,26,22,61,19,119"
"131,131,69,69"
"131,131,40,40"
"131,131,64,64"
"131,131,62,62"
"1,53,15,31,17,117"
"1,47,14,71,17,117"
"1,31,13,11,05,105"
"138,138,93,93"
"1,67,16,71,31,131"
"146,146,97,97"
"1,92,19,21,59,159"
"1,71,17,11,35,135"
"87,87,65,65"
"1,53,15,31,14,114"
"1,96,19,61,48,148"
"207,207,41,41"
"2,07,20,71,62,162"
"92,92,66,66"
"116,116,62,62"
"116,116,98,98"
"1,65,16,51,17,117"
"201,201,41,41"
"201,201,64,64"
"106,106,73,73"
"129,129,71,71"
"1,29,12,91,07,107"
"1,76,17,61,17,117"
"223,223,62,62"
"2,23,22,31,71,171"
"109,109,83,83"
"1,37,13,71,00,100"
"182,182,99,99"
"1,25,12,51,00,100"
"1,56,15,61,19,119"
"131,131,99,99"
"1,67,16,71,28,128"
"1,46,14,61,10,110"
"1,85,18,51,38,138"
"50,50,39,39"
"58,58,45,45"
"71,71,56,56"
"75,75,43,43"
"75,75,62,62"
"123,123,35,35"
"1,23,12,31,02,102"
"63,63,42,42"
"113,113,81,81"
"55,55,39,39"
"1,46,14,61,17,117"
"116,116,78,78"
"52,52,36,36"
"114,114,87,87"
"63,63,42,42"
"113,113,81,81"
"55,55,39,39"
"1,46,14,61,17,117"
"116,116,78,78"
"155,155,74,74"
"1,55,15,51,24,124"
"132,132,49,49"
"1,32,13,21,11,111"
"1,62,16,21,33,133"
"255,255,39,39"
"255,255,41,41"
"255,255,41,41"
"255,255,64,64"
"2,55,25,51,36,136"
"145,145,83,83"
"148,148,51,51"
"1,48,14,81,21,121"
"168,168,63,63"
"168,168,65,65"
"1,68,16,81,44,144"
"152,152,86,86"
"79,79,65,65"
"170,170,51,51"
"1,70,17,01,38,138"
"2,11,21,11,77,177"
"364,364,34,34"
"364,364,40,40"
"364,364,58,58"
"364,364,61,61"
"364,364,75,75"
"3,64,36,41,95,195"
"81,81,64,64"
"209,209,96,96"
"2,09,20,91,66,166"
"180,180,58,58"
"1,80,18,01,49,149"
"2,18,21,81,06,106"
"2,18,21,81,86,186"
"407,407,31,31"
"407,407,42,42"
"4,07,40,72,10,210"
"4,07,40,73,64,364"
"74,74,60,60"
"89,89,39,39"
"116,116,30,30"
"116,116,67,67"
"116,116,78,78"
"194,194,62,62"
"1,94,19,41,59,159"
"2,11,21,11,04,104"
"2,11,21,11,68,168"
"128,128,36,36"
"128,128,39,39"
"128,128,81,81"
"208,208,41,41"
"208,208,42,42"
"208,208,96,96"
"2,08,20,81,85,185"
"238,238,62,62"
"2,38,23,81,17,117"
"2,38,23,82,12,212"
"132,132,40,40"
"132,132,67,67"
"132,132,87,87"
"216,216,40,40"
"216,216,61,61"
"2,16,21,61,01,101"
"239,239,59,59"
"239,239,80,80"
"2,39,23,92,07,207"
"2,62,26,22,18,218"
"138,138,40,40"
"138,138,40,40"
"138,138,90,90"
"301,301,41,41"
"301,301,40,40"
"301,301,61,61"
"3,01,30,11,35,135"
"3,01,30,12,55,255"
"1,66,16,61,21,121"
"351,351,40,40"
"3,51,35,12,89,289"
"82,82,41,41"
"82,82,66,66"
"1,69,16,91,18,118"
"103,103,79,79"
"1,93,19,31,42,142"
"115,115,41,41"
"115,115,91,91"
"224,224,65,65"
"2,24,22,41,17,117"
"117,117,42,42"
"117,117,41,41"
"117,117,88,88"
"229,229,40,40"
"2,29,22,91,16,116"
"2,29,22,92,05,205"
"117,117,42,42"
"117,117,90,90"
"1,90,19,01,54,154"
"128,128,42,42"
"1,28,12,81,00,100"
"135,135,46,46"
"1,35,13,51,05,105"
"89,89,39,39"
"89,89,44,44"
"145,145,56,56"
"1,45,14,51,10,110"
"154,154,59,59"
"154,154,60,60"
"1,54,15,41,17,117"
"122,122,66,66"
"122,122,98,98"
"139,139,60,60"
"139,139,98,98"
"92,92,40,40"
"92,92,70,70"
"1,33,13,31,03,103"
"128,128,48,48"
"128,128,78,78"
"128,128,61,61"
"169,169,61,61"
"169,169,61,61"
"1,69,16,91,44,144"
"196,196,56,56"
"196,196,74,74"
"1,96,19,61,02,102"
"1,96,19,61,51,151"
"91,91,69,69"
"101,101,39,39"
"140,140,42,42"
"140,140,94,94"
"140,140,65,65"
"198,198,48,48"
"198,198,59,59"
"198,198,71,71"
"1,98,19,81,42,142"
"1,98,19,81,28,128"
"100,100,78,78"
"122,122,98,98"
"1,46,14,61,02,102"
"203,203,65,65"
"203,203,75,75"
"2,03,20,31,28,128"
"114,114,87,87"
"1,25,12,51,03,103"
"1,67,16,71,16,116"
"222,222,38,38"
"222,222,41,41"
"222,222,68,68"
"2,22,22,21,03,103"
"2,22,22,21,06,106"
"196,196,40,40"
"1,96,19,61,17,117"
"99,99,50,50"
"99,99,74,74"
"127,127,39,39"
"127,127,42,42"
"1,27,12,71,03,103"
"126,126,97,97"
"1,72,17,21,26,126"
"278,278,81,81"
"278,278,77,77"
"2,78,27,81,33,133"
"2,78,27,81,95,195"
"65,65,44,44"
"105,105,70,70"
"105,105,62,62"
"1,31,13,11,02,102"
"116,116,61,61"
"116,116,40,40"
"116,116,49,49"
"1,74,17,41,31,131"
"1,49,14,91,16,116"
"90,90,60,60"
"120,120,39,39"
"120,120,74,74"
"120,120,62,62"
"1,44,14,41,11,111"
"152,152,39,39"
"152,152,42,42"
"1,52,15,21,23,123"
"1,80,18,01,30,130"
"308,308,29,29"
"308,308,37,37"
"3,08,30,81,05,105"
"3,08,30,82,15,215"
"122,122,80,80"
"106,106,30,30"
"106,106,65,65"
"1,53,15,31,18,118"
"155,155,74,74"
"1,55,15,51,24,124"
"132,132,49,49"
"1,32,13,21,11,111"
"1,62,16,21,33,133"
"255,255,39,39"
"255,255,41,41"
"255,255,41,41"
"255,255,64,64"
"2,55,25,51,36,136"
"145,145,83,83"
"148,148,51,51"
"1,48,14,81,21,121"
"168,168,63,63"
"168,168,65,65"
"1,68,16,81,44,144"
"132,132,49,49"
"1,32,13,21,11,111"
"155,155,74,74"
"1,55,15,51,24,124"
"1,62,16,21,33,133"
"255,255,39,39"
"255,255,41,41"
"255,255,41,41"
"255,255,64,64"
"2,55,25,51,36,136"
"145,145,83,83"
"148,148,51,51"
"1,48,14,81,21,121"
"168,168,63,63"
"168,168,65,65"
"1,68,16,81,44,144"
"132,132,49,49"
"1,32,13,21,11,111"
"155,155,74,74"
"1,55,15,51,24,124"
"1,62,16,21,33,133"
"255,255,39,39"
"255,255,41,41"
"255,255,41,41"
"255,255,64,64"
"2,55,25,51,36,136"
"145,145,83,83"
"148,148,51,51"
"1,48,14,81,21,121"
"168,168,63,63"
"168,168,65,65"
"1,68,16,81,44,144"
"88,88,62,62"
"53,53,38,38"
"131,131,89,89"
"50,50,38,38"
"55,55,40,40"
"174,174,63,63"
"1,74,17,41,05,105"
"1,74,17,41,47,147"
"51,51,39,39"
"55,55,41,41"
"53,53,38,38"
"63,63,42,42"
"113,113,81,81"
"55,55,39,39"
"1,46,14,61,17,117"
"116,116,78,78"
"63,63,42,42"
"113,113,81,81"
"55,55,39,39"
"1,46,14,61,17,117"
"116,116,78,78"
"52,52,36,36"
"114,114,87,87"
"44,44,28,28"
"58,58,40,40"
"91,91,62,62"
"59,59,43,43"
"75,75,52,52"
"42,42,30,30"
"63,63,42,42"
"58,58,43,43"
"1,47,14,71,09,109"
"63,63,42,42"
"113,113,81,81"
"55,55,39,39"
"1,46,14,61,17,117"
"116,116,78,78"
"52,52,36,36"
"114,114,87,87"
"44,44,28,28"
"58,58,40,40"
"91,91,62,62"
"59,59,43,43"
"75,75,52,52"
"42,42,30,30"
"63,63,42,42"
"58,58,43,43"
"1,47,14,71,09,109"
"42,42,30,30"
"57,57,43,43"
"63,63,41,41"
"118,118,81,81"
"54,54,40,40"
"53,53,31,31"
"96,96,67,67"
"52,52,38,38"
"81,81,62,62"
"53,53,37,37"
"125,125,39,39"
"125,125,95,95"
"67,67,50,50"
"53,53,33,33"
"62,62,42,42"
"103,103,81,81"
"63,63,42,42"
"113,113,81,81"
"55,55,39,39"
"1,46,14,61,17,117"
"116,116,78,78"
"52,52,36,36"
"114,114,87,87"
"44,44,28,28"
"58,58,40,40"
"91,91,62,62"
"75,75,52,52"
"59,59,43,43"
"42,42,30,30"
"58,58,43,43"
"63,63,42,42"
"1,47,14,71,09,109"
"63,63,42,42"
"113,113,81,81"
"55,55,39,39"
"1,46,14,61,17,117"
"116,116,78,78"
"52,52,36,36"
"114,114,87,87"
"44,44,28,28"
"58,58,40,40"
"91,91,62,62"
"75,75,52,52"
"59,59,43,43"
"42,42,30,30"
"63,63,42,42"
"58,58,43,43"
"1,47,14,71,09,109"
"42,42,30,30"
"57,57,43,43"
"63,63,41,41"
"118,118,81,81"
"54,54,40,40"
"53,53,31,31"
"96,96,67,67"
"63,63,42,42"
"113,113,81,81"
"55,55,39,39"
"1,46,14,61,17,117"
"116,116,78,78"
"52,52,36,36"
"114,114,87,87"
"44,44,28,28"
"58,58,40,40"
"91,91,62,62"
"59,59,43,43"
"75,75,52,52"
"42,42,30,30"
"63,63,42,42"
"58,58,43,43"
"1,47,14,71,09,109"
"42,42,30,30"
"63,63,41,41"
"57,57,43,43"
"118,118,81,81"
"54,54,40,40"
"53,53,31,31"
"96,96,67,67"
"52,52,38,38"
"81,81,62,62"
"53,53,37,37"
"125,125,39,39"
"125,125,95,95"
"67,67,50,50"
"53,53,33,33"
"62,62,42,42"
"103,103,81,81"
"49,49,34,34"
"60,60,42,42"
"89,89,66,66"
"57,57,42,42"
"76,76,60,60"
"62,62,42,42"
"56,56,40,40"
"49,49,38,38"
"52,52,39,39"
"89,89,42,42"
"1,35,13,51,04,104"
"53,53,40,40"
"110,110,81,81"
"1,34,13,41,13,113"
"151,151,53,53"
"196,196,64,64"
"1,96,19,61,33,133"
"79,79,46,46"
"88,88,67,67"
"1,32,13,21,07,107"
"71,71,56,56"
"104,104,84,84"
"60,60,46,46"
"53,53,40,40"
"88,88,68,68"
"1,38,13,81,06,106"
"57,57,43,43"
"73,73,59,59"
"105,105,77,77"
"50,50,39,39"
"64,64,44,44"
"80,80,41,41"
"80,80,65,65"
"116,116,42,42"
"116,116,70,70"
"46,46,33,33"
"48,48,29,29"
"54,54,41,41"
"86,86,71,71"
"47,47,34,34"
"60,60,43,43"
"50,50,39,39"
"51,51,39,39"
"51,51,38,38"
"83,83,64,64"
"53,53,41,41"
"87,87,63,63"
"69,69,44,44"
"124,124,38,38"
"1,24,12,41,10,110"
"63,63,42,42"
"113,113,81,81"
"55,55,39,39"
"1,46,14,61,17,117"
"116,116,78,78"
"63,63,42,42"
"113,113,81,81"
"55,55,39,39"
"1,46,14,61,17,117"
"116,116,78,78"
"52,52,36,36"
"114,114,87,87"
"44,44,28,28"
"58,58,40,40"
"91,91,62,62"
"75,75,52,52"
"59,59,43,43"
"42,42,30,30"
"63,63,42,42"
"58,58,43,43"
"1,47,14,71,09,109"
"42,42,30,30"
"57,57,43,43"
"63,63,41,41"
"118,118,81,81"
"54,54,40,40"
"53,53,31,31"
"96,96,67,67"
"52,52,38,38"
"81,81,62,62"
"53,53,37,37"
"125,125,39,39"
"125,125,95,95"
"67,67,50,50"
"53,53,33,33"
"62,62,42,42"
"103,103,81,81"
"49,49,34,34"
"60,60,42,42"
"89,89,66,66"
"63,63,42,42"
"113,113,81,81"
"88,88,62,62"
"53,53,38,38"
"131,131,89,89"
"50,50,38,38"
"55,55,40,40"
"174,174,63,63"
"1,74,17,41,05,105"
"1,74,17,41,47,147"
"51,51,39,39"
"55,55,41,41"
"53,53,38,38"
"54,54,41,41"
"51,51,37,37"
"60,60,44,44"
"56,56,42,42"
"54,54,40,40"
"66,66,49,49"
"50,50,39,39"
"59,59,43,43"
"76,76,57,57"
"74,74,48,48"
"60,60,44,44"
"66,66,47,47"
"79,79,65,65"
"116,116,62,62"
"116,116,68,68"
"67,67,48,48"
"68,68,53,53"
"98,98,74,74"
"151,151,87,87"
"151,151,72,72"
"51,51,37,37"
"74,74,51,51"
"118,118,96,96"
"53,53,39,39"
"79,79,65,65"
"97,97,65,65"
"1,64,16,41,36,136"
"44,44,31,31"
"53,53,41,41"
"85,85,65,65"
"69,69,45,45"
"116,116,78,78"
"50,50,36,36"
"58,58,42,42"
"96,96,77,77"
"151,151,40,40"
"151,151,62,62"
"151,151,91,91"
"50,50,37,37"
"106,106,89,89"
"53,53,40,40"
"75,75,40,40"
"75,75,60,60"
"1,28,12,81,03,103"
"58,58,43,43"
"84,84,49,49"
"1,53,15,31,23,123"
"48,48,34,34"
"62,62,45,45"
"116,116,54,54"
"116,116,88,88"
"1,74,17,41,34,134"
"50,50,38,38"
"67,67,47,47"
"138,138,69,69"
"2,40,24,02,08,208"
"50,50,38,38"
"75,75,54,54"
"59,59,43,43"
"83,83,63,63"
"61,61,45,45"
"99,99,76,76"
"63,63,42,42"
"113,113,81,81"
"55,55,39,39"
"1,46,14,61,17,117"
"116,116,78,78"
"52,52,36,36"
"114,114,87,87"
"44,44,28,28"
"58,58,40,40"
"91,91,62,62"
"75,75,52,52"
"59,59,43,43"
"42,42,30,30"
"63,63,42,42"
"58,58,43,43"
"1,47,14,71,09,109"
"155,155,74,74"
"1,55,15,51,24,124"
"132,132,49,49"
"1,32,13,21,11,111"
"1,62,16,21,33,133"
"255,255,39,39"
"255,255,41,41"
"255,255,41,41"
"255,255,64,64"
"2,55,25,51,36,136"
"145,145,83,83"
"148,148,51,51"
"1,48,14,81,21,121"
"168,168,63,63"
"168,168,65,65"
"1,68,16,81,44,144"
"88,88,62,62"
"53,53,38,38"
"131,131,89,89"
"63,63,42,42"
"113,113,81,81"
"55,55,39,39"
"1,46,14,61,17,117"
"116,116,78,78"
"52,52,36,36"
"114,114,87,87"
"44,44,28,28"
"58,58,40,40"
"91,91,62,62"
"75,75,52,52"
"59,59,43,43"
"42,42,30,30"
"63,63,42,42"
"58,58,43,43"
"1,47,14,71,09,109"
"42,42,30,30"
"57,57,43,43"
"63,63,41,41"
"118,118,81,81"
"54,54,40,40"
"53,53,31,31"
"96,96,67,67"
"52,52,38,38"
"81,81,62,62"
"53,53,37,37"
"125,125,39,39"
"125,125,95,95"
"63,63,42,42"
"113,113,81,81"
"55,55,39,39"
"1,46,14,61,17,117"
"116,116,78,78"
"63,63,42,42"
"113,113,81,81"
"55,55,39,39"
"1,46,14,61,17,117"
"116,116,78,78"
"52,52,36,36"
"114,114,87,87"
"44,44,28,28"
"58,58,40,40"
"91,91,62,62"
"75,75,52,52"
"59,59,43,43"
"42,42,30,30"
"63,63,42,42"
"58,58,43,43"
"1,47,14,71,09,109"
"42,42,30,30"
"63,63,41,41"
"57,57,43,43"
"118,118,81,81"
"54,54,40,40"
"53,53,31,31"
"96,96,67,67"
"52,52,38,38"
"81,81,62,62"
"53,53,37,37"
"125,125,39,39"
"125,125,95,95"
"67,67,50,50"
"53,53,33,33"
"62,62,42,42"
"103,103,81,81"
"49,49,34,34"
"60,60,42,42"
"89,89,66,66"
"76,76,60,60"
"57,57,42,42"
"56,56,40,40"
"62,62,42,42"
"49,49,38,38"
"52,52,39,39"
"1,35,13,51,04,104"
"89,89,42,42"
"53,53,40,40"
"110,110,81,81"
"1,34,13,41,13,113"
"151,151,53,53"
"196,196,64,64"
"1,96,19,61,33,133"
"79,79,46,46"
"88,88,67,67"
"1,32,13,21,07,107"
"71,71,56,56"
"104,104,84,84"
"60,60,46,46"
"53,53,40,40"
"88,88,68,68"
"1,38,13,81,06,106"
"57,57,43,43"
"73,73,59,59"
"105,105,77,77"
"50,50,39,39"
"64,64,44,44"
"80,80,41,41"
"80,80,65,65"
"116,116,42,42"
"116,116,70,70"
"58,58,44,44"
"53,53,39,39"
"56,56,41,41"
"60,60,45,45"
"50,50,38,38"
"56,56,41,41"
"48,48,34,34"
"51,51,38,38"
"53,53,37,37"
"79,79,41,41"
"79,79,63,63"
"151,151,61,61"
"151,151,61,61"
"56,56,35,35"
"142,142,58,58"
"1,42,14,21,11,111"
"110,110,40,40"
"110,110,88,88"
"91,91,71,71"
"77,77,61,61"
"63,63,47,47"
"58,58,44,44"
"1,36,13,61,02,102"
"56,56,41,41"
"112,112,88,88"
"51,51,38,38"
"100,100,77,77"
"48,48,34,34"
"82,82,64,64"
"268,268,61,61"
"2,68,26,82,02,202"
"1,76,17,61,17,117"
"215,215,52,52"
"2,15,21,51,77,177"
"63,63,47,47"
"135,135,92,92"
"181,181,41,41"
"181,181,40,40"
"181,181,40,40"
"1,81,18,11,37,137"
"231,231,94,94"
"2,31,23,11,96,196"
"59,59,44,44"
"103,103,69,69"
"172,172,40,40"
"1,72,17,21,29,129"
"40,40,29,29"
"88,88,64,64"
"53,53,42,42"
"1,29,12,91,02,102"
"51,51,39,39"
"61,61,43,43"
"116,116,98,98"
"130,130,94,94"
"49,49,39,39"
"61,61,42,42"
"114,114,74,74"
"47,47,32,32"
"60,60,40,40"
"60,60,45,45"
"106,106,72,72"
"55,55,41,41"
"89,89,60,60"
"89,89,65,65"
"81,81,55,55"
"122,122,82,82"
"98,98,67,67"
"75,75,60,60"
"59,59,42,42"
"98,98,65,65"
"98,98,66,66"
"89,89,66,66"
"1,93,19,31,46,146"
"44,44,32,32"
"64,64,42,42"
"82,82,58,58"
"1,50,15,01,18,118"
"56,56,39,39"
"76,76,46,46"
"1,32,13,21,00,100"
"65,65,42,42"
"53,53,41,41"
"109,109,87,87"
"62,62,43,43"
"53,53,40,40"
"97,97,76,76"
"137,137,98,98"
"1,67,16,71,28,128"
"2,43,24,31,15,115"
"56,56,40,40"
"83,83,65,65"
"107,107,75,75"
"1,44,14,41,14,114"
"52,52,39,39"
"74,74,61,61"
"96,96,69,69"
"117,117,90,90"
"1,36,13,61,04,104"
"151,151,73,73"
"52,52,39,39"
"67,67,53,53"
"81,81,64,64"
"109,109,79,79"
"97,97,77,77"
"48,48,33,33"
"73,73,52,52"
"59,59,45,45"
"98,98,66,66"
"90,90,66,66"
"149,149,61,61"
"149,149,68,68"
"1,49,14,91,27,127"
"196,196,60,60"
"196,196,66,66"
"196,196,70,70"
"57,57,45,45"
"64,64,40,40"
"76,76,59,59"
"83,83,56,56"
"1,36,13,61,08,108"
"51,51,36,36"
"72,72,46,46"
"58,58,42,42"
"60,60,45,45"
"110,110,88,88"
"60,60,44,44"
"65,65,44,44"
"50,50,39,39"
"56,56,40,40"
"98,98,75,75"
"49,49,39,39"
"57,57,42,42"
"58,58,43,43"
"58,58,41,41"
"83,83,64,64"
"89,89,66,66"
"52,52,37,37"
"52,52,37,37"
"58,58,43,43"
"76,76,60,60"
"56,56,41,41"
"55,55,39,39"
"54,54,41,41"
"66,66,51,51"
"89,89,56,56"
"47,47,34,34"
"49,49,39,39"
"58,58,44,44"
"46,46,33,33"
"50,50,38,38"
"57,57,45,45"
"135,135,40,40"
"135,135,81,81"
"55,55,41,41"
"53,53,36,36"
"125,125,65,65"
"125,125,86,86"
"52,52,39,39"
"53,53,36,36"
"103,103,64,64"
"103,103,63,63"
"93,93,70,70"
"50,50,39,39"
"96,96,63,63"
"1,28,12,81,01,101"
"55,55,40,40"
"83,83,60,60"
"99,99,69,69"
"52,52,36,36"
"81,81,63,63"
"86,86,66,66"
"89,89,42,42"
"174,174,40,40"
"1,74,17,41,34,134"
"151,151,87,87"
"151,151,96,96"
"47,47,33,33"
"73,73,61,61"
"72,72,47,47"
"138,138,62,62"
"138,138,77,77"
"1,38,13,81,09,109"
"152,152,41,41"
"1,52,15,21,16,116"
"65,65,43,43"
"113,113,70,70"
"113,113,91,91"
"89,89,50,50"
"89,89,71,71"
"1,40,14,01,08,108"
"44,44,32,32"
"57,57,42,42"
"69,69,44,44"
"110,110,73,73"
"116,116,95,95"
"60,60,41,41"
"90,90,61,61"
"55,55,41,41"
"89,89,43,43"
"52,52,37,37"
"69,69,42,42"
"63,63,42,42"
"113,113,81,81"
"55,55,39,39"
"1,46,14,61,17,117"
"116,116,78,78"
"52,52,36,36"
"114,114,87,87"
"44,44,28,28"
"58,58,40,40"
"91,91,62,62"
"75,75,52,52"
"59,59,43,43"
"42,42,30,30"
"63,63,42,42"
"58,58,43,43"
"1,47,14,71,09,109"
"42,42,30,30"
"63,63,41,41"
"57,57,43,43"
"118,118,81,81"
"54,54,40,40"
"53,53,31,31"
"96,96,67,67"
"52,52,38,38"
"81,81,62,62"
"53,53,37,37"
"125,125,39,39"
"125,125,95,95"
"67,67,50,50"
"53,53,33,33"
"62,62,42,42"
"103,103,81,81"
"49,49,34,34"
"60,60,42,42"
"89,89,66,66"
"76,76,60,60"
"57,57,42,42"
"62,62,42,42"
"56,56,40,40"
"49,49,38,38"
"52,52,39,39"
"1,35,13,51,04,104"
"89,89,42,42"
"53,53,40,40"
"110,110,81,81"
"1,34,13,41,13,113"
"151,151,53,53"
"196,196,64,64"
"1,96,19,61,33,133"
"88,88,67,67"
"79,79,46,46"
"1,32,13,21,07,107"
"71,71,56,56"
"104,104,84,84"
"60,60,46,46"
"53,53,40,40"
"88,88,68,68"
"1,38,13,81,06,106"
"57,57,43,43"
"73,73,59,59"
"105,105,77,77"
"50,50,39,39"
"64,64,44,44"
"80,80,41,41"
"80,80,65,65"
"116,116,42,42"
"116,116,70,70"
"53,53,39,39"
"58,58,44,44"
"56,56,41,41"
"60,60,45,45"
"56,56,41,41"
"50,50,38,38"
"48,48,34,34"
"51,51,38,38"
"53,53,37,37"
"79,79,41,41"
"79,79,63,63"
"151,151,61,61"
"151,151,61,61"
"56,56,35,35"
"142,142,58,58"
"1,42,14,21,11,111"
"110,110,40,40"
"110,110,88,88"
"91,91,71,71"
"77,77,61,61"
"63,63,47,47"
"58,58,44,44"
"1,36,13,61,02,102"
"56,56,41,41"
"112,112,88,88"
"51,51,38,38"
"100,100,77,77"
"48,48,34,34"
"82,82,64,64"
"268,268,61,61"
"2,68,26,82,02,202"
"1,76,17,61,17,117"
"215,215,52,52"
"2,15,21,51,77,177"
"63,63,47,47"
"135,135,92,92"
"181,181,41,41"
"181,181,40,40"
"181,181,40,40"
"1,81,18,11,37,137"
"231,231,94,94"
"2,31,23,11,96,196"
"59,59,44,44"
"103,103,69,69"
"172,172,40,40"
"1,72,17,21,29,129"
"40,40,29,29"
"88,88,64,64"
"53,53,42,42"
"1,29,12,91,02,102"
"51,51,39,39"
"61,61,43,43"
"116,116,98,98"
"130,130,94,94"
"49,49,39,39"
"61,61,42,42"
"114,114,74,74"
"47,47,32,32"
"60,60,40,40"
"60,60,45,45"
"106,106,72,72"
"55,55,41,41"
"89,89,60,60"
"89,89,65,65"
"81,81,55,55"
"122,122,82,82"
"98,98,67,67"
"75,75,60,60"
"59,59,42,42"
"98,98,65,65"
"98,98,66,66"
"89,89,66,66"
"1,93,19,31,46,146"
"44,44,32,32"
"64,64,42,42"
"82,82,58,58"
"1,50,15,01,18,118"
"76,76,46,46"
"56,56,39,39"
"1,32,13,21,00,100"
"65,65,42,42"
"53,53,41,41"
"109,109,87,87"
"62,62,43,43"
"53,53,40,40"
"97,97,76,76"
"137,137,98,98"
"1,67,16,71,28,128"
"2,43,24,31,15,115"
"56,56,40,40"
"83,83,65,65"
"107,107,75,75"
"1,44,14,41,14,114"
"52,52,39,39"
"74,74,61,61"
"96,96,69,69"
"117,117,90,90"
"1,36,13,61,04,104"
"151,151,73,73"
"52,52,39,39"
"67,67,53,53"
"81,81,64,64"
"97,97,77,77"
"109,109,79,79"
"48,48,33,33"
"98,98,66,66"
"73,73,52,52"
"59,59,45,45"
"90,90,66,66"
"149,149,61,61"
"149,149,68,68"
"1,49,14,91,27,127"
"196,196,60,60"
"196,196,66,66"
"196,196,70,70"
"64,64,40,40"
"76,76,59,59"
"57,57,45,45"
"83,83,56,56"
"1,36,13,61,08,108"
"51,51,36,36"
"72,72,46,46"
"60,60,45,45"
"58,58,42,42"
"110,110,88,88"
"60,60,44,44"
"65,65,44,44"
"50,50,39,39"
"56,56,40,40"
"98,98,75,75"
"58,58,43,43"
"49,49,39,39"
"57,57,42,42"
"58,58,41,41"
"83,83,64,64"
"89,89,66,66"
"52,52,37,37"
"52,52,37,37"
"58,58,43,43"
"76,76,60,60"
"56,56,41,41"
"55,55,39,39"
"54,54,41,41"
"66,66,51,51"
"89,89,56,56"
"47,47,34,34"
"49,49,39,39"
"58,58,44,44"
"46,46,33,33"
"50,50,38,38"
"57,57,45,45"
"135,135,40,40"
"135,135,81,81"
"55,55,41,41"
"53,53,36,36"
"125,125,65,65"
"125,125,86,86"
"52,52,39,39"
"53,53,36,36"
"103,103,64,64"
"103,103,63,63"
"93,93,70,70"
"50,50,39,39"
"96,96,63,63"
"1,28,12,81,01,101"
"55,55,40,40"
"83,83,60,60"
"99,99,69,69"
"52,52,36,36"
"81,81,63,63"
"86,86,66,66"
"89,89,42,42"
"151,151,87,87"
"151,151,96,96"
"174,174,40,40"
"1,74,17,41,34,134"
"47,47,33,33"
"73,73,61,61"
"72,72,47,47"
"138,138,62,62"
"138,138,77,77"
"1,38,13,81,09,109"
"152,152,41,41"
"1,52,15,21,16,116"
"65,65,43,43"
"113,113,70,70"
"113,113,91,91"
"89,89,50,50"
"89,89,71,71"
"1,40,14,01,08,108"
"44,44,32,32"
"57,57,42,42"
"69,69,44,44"
"110,110,73,73"
"116,116,95,95"
"60,60,41,41"
"90,90,61,61"
"55,55,41,41"
"89,89,43,43"
"52,52,37,37"
"69,69,42,42"
"77,77,60,60"
"98,98,79,79"
"1,45,14,51,10,110"
"67,67,44,44"
"61,61,42,42"
"118,118,92,92"
"61,61,43,43"
"60,60,45,45"
"111,111,86,86"
"139,139,40,40"
"53,53,42,42"
"64,64,43,43"
"96,96,68,68"
"89,89,41,41"
"89,89,70,70"
"140,140,64,64"
"1,40,14,01,10,110"
"122,122,89,89"
"54,54,41,41"
"87,87,66,66"
"82,82,60,60"
"96,96,68,68"
"114,114,90,90"
"50,50,39,39"
"76,76,57,57"
"79,79,61,61"
"99,99,58,58"
"67,67,46,46"
"53,53,41,41"
"84,84,66,66"
"73,73,43,43"
"73,73,62,62"
"1,43,14,31,09,109"
"75,75,61,61"
"53,53,43,43"
"64,64,43,43"
"92,92,43,43"
"128,128,99,99"
"53,53,36,36"
"70,70,52,52"
"106,106,42,42"
"106,106,85,85"
"59,59,42,42"
"64,64,43,43"
"89,89,41,41"
"89,89,66,66"
"53,53,40,40"
"64,64,42,42"
"102,102,40,40"
"102,102,73,73"
"89,89,69,69"
"52,52,38,38"
"51,51,39,39"
"56,56,40,40"
"57,57,45,45"
"88,88,67,67"
"89,89,69,69"
"151,151,83,83"
"53,53,41,41"
"79,79,57,57"
"55,55,41,41"
"89,89,72,72"
"1,68,16,81,28,128"
"51,51,38,38"
"54,54,41,41"
"58,58,42,42"
"76,76,54,54"
"125,125,97,97"
"54,54,41,41"
"55,55,41,41"
"69,69,51,51"
"107,107,77,77"
"50,50,38,38"
"63,63,49,49"
"83,83,64,64"
"96,96,74,74"
"49,49,37,37"
"59,59,43,43"
"70,70,53,53"
"46,46,34,34"
"57,57,42,42"
"58,58,44,44"
"55,55,40,40"
"46,46,33,33"
"50,50,39,39"
"63,63,44,44"
"1,44,14,41,16,116"
"151,151,40,40"
"151,151,40,40"
"151,151,49,49"
"52,52,39,39"
"59,59,42,42"
"53,53,40,40"
"1,22,12,21,00,100"
"187,187,39,39"
"53,53,39,39"
"53,53,41,41"
"63,63,42,42"
"107,107,83,83"
"89,89,37,37"
"151,151,61,61"
"151,151,80,80"
"160,160,41,41"
"160,160,42,42"
"160,160,40,40"
"160,160,74,74"
"1,60,16,01,34,134"
"49,49,37,37"
"49,49,38,38"
"67,67,47,47"
"93,93,73,73"
"122,122,40,40"
"122,122,46,46"
"122,122,59,59"
"1,22,12,21,04,104"
"116,116,90,90"
"151,151,60,60"
"1,51,15,11,28,128"
"48,48,32,32"
"49,49,38,38"
"81,81,65,65"
"90,90,41,41"
"90,90,49,49"
"90,90,46,46"
"240,240,76,76"
"240,240,86,86"
"2,40,24,01,53,153"
"44,44,32,32"
"89,89,38,38"
"89,89,50,50"
"89,89,41,41"
"71,71,55,55"
"126,126,40,40"
"126,126,44,44"
"152,152,60,60"
"152,152,41,41"
"1,52,15,21,24,124"
"46,46,33,33"
"48,48,32,32"
"51,51,39,39"
"66,66,29,29"
"82,82,40,40"
"82,82,64,64"
"90,90,41,41"
"90,90,65,65"
"123,123,47,47"
"123,123,48,48"
"123,123,98,98"
"104,104,82,82"
"162,162,72,72"
"1,62,16,21,21,121"
"42,42,31,31"
"53,53,41,41"
"57,57,44,44"
"81,81,64,64"
"94,94,39,39"
"94,94,42,42"
"94,94,42,42"
"122,122,97,97"
"238,238,93,93"
"2,38,23,81,37,137"
"57,57,44,44"
"59,59,43,43"
"74,74,62,62"
"69,69,57,57"
"89,89,39,39"
"89,89,39,39"
"89,89,71,71"
"53,53,41,41"
"82,82,39,39"
"82,82,65,65"
"96,96,83,83"
"255,255,41,41"
"255,255,75,75"
"255,255,84,84"
"2,55,25,51,36,136"
"50,50,38,38"
"51,51,38,38"
"78,78,58,58"
"60,60,43,43"
"127,127,72,72"
"84,84,61,61"
"145,145,40,40"
"145,145,41,41"
"1,45,14,51,27,127"
"56,56,41,41"
"67,67,51,51"
"118,118,61,61"
"54,54,42,42"
"98,98,39,39"
"98,98,67,67"
"141,141,38,38"
"141,141,68,68"
"52,52,37,37"
"59,59,44,44"
"58,58,43,43"
"100,100,54,54"
"141,141,67,67"
"1,41,14,11,17,117"
"46,46,32,32"
"56,56,42,42"
"52,52,38,38"
"49,49,36,36"
"72,72,42,42"
"72,72,57,57"
"99,99,57,57"
"76,76,55,55"
"78,78,58,58"
"128,128,69,69"
"157,157,43,43"
"157,157,63,63"
"157,157,91,91"
"255,255,56,56"
"255,255,83,83"
"2,55,25,51,38,138"
"52,52,38,38"
"50,50,37,37"
"56,56,41,41"
"81,81,40,40"
"81,81,66,66"
"77,77,52,52"
"73,73,57,57"
"89,89,68,68"
"116,116,56,56"
"168,168,41,41"
"168,168,63,63"
"1,68,16,81,21,121"
"255,255,64,64"
"2,55,25,51,03,103"
"2,55,25,51,48,148"
"49,49,39,39"
"54,54,41,41"
"74,74,40,40"
"74,74,60,60"
"59,59,42,42"
"70,70,53,53"
"1,74,17,41,33,133"
"185,185,61,61"
"1,85,18,51,23,123"
"52,52,39,39"
"67,67,40,40"
"67,67,57,57"
"55,55,40,40"
"57,57,44,44"
"69,69,46,46"
"1,44,14,41,12,112"
"124,124,40,40"
"124,124,70,70"
"50,50,38,38"
"63,63,47,47"
"69,69,53,53"
"56,56,41,41"
"112,112,91,91"
"136,136,43,43"
"1,36,13,61,08,108"
"49,49,38,38"
"59,59,42,42"
"59,59,46,46"
"84,84,64,64"
"99,99,77,77"
"116,116,34,34"
"116,116,53,53"
"1,48,14,81,16,116"
"47,47,33,33"
"46,46,34,34"
"56,56,41,41"
"66,66,43,43"
"92,92,68,68"
"101,101,67,67"
"133,133,93,93"
"128,128,36,36"
"128,128,97,97"
"51,51,37,37"
"52,52,39,39"
"63,63,46,46"
"108,108,75,75"
"79,79,63,63"
"110,110,87,87"
"48,48,33,33"
"51,51,39,39"
"68,68,54,54"
"53,53,42,42"
"57,57,43,43"
"85,85,65,65"
"50,50,39,39"
"61,61,43,43"
"56,56,41,41"
"79,79,58,58"
"61,61,44,44"
"85,85,41,41"
"63,63,42,42"
"113,113,81,81"
"55,55,39,39"
"1,46,14,61,17,117"
"116,116,78,78"
"52,52,36,36"
"114,114,87,87"
"44,44,28,28"
"58,58,40,40"
"91,91,62,62"
"75,75,52,52"
"59,59,43,43"
"42,42,30,30"
"58,58,43,43"
"63,63,42,42"
"1,47,14,71,09,109"
"42,42,30,30"
"63,63,41,41"
"57,57,43,43"
"118,118,81,81"
"54,54,40,40"
"53,53,31,31"
"96,96,67,67"
"52,52,38,38"
"81,81,62,62"
"53,53,37,37"
"125,125,39,39"
"125,125,95,95"
"67,67,50,50"
"53,53,33,33"
"62,62,42,42"
"103,103,81,81"
"49,49,34,34"
"60,60,42,42"
"89,89,66,66"
"76,76,60,60"
"57,57,42,42"
"62,62,42,42"
"56,56,40,40"
"49,49,38,38"
"52,52,39,39"
"1,35,13,51,04,104"
"89,89,42,42"
"53,53,40,40"
"110,110,81,81"
"1,34,13,41,13,113"
"151,151,53,53"
"196,196,64,64"
"1,96,19,61,33,133"
"79,79,46,46"
"88,88,67,67"
"1,32,13,21,07,107"
"71,71,56,56"
"104,104,84,84"
"60,60,46,46"
"53,53,40,40"
"88,88,68,68"
"1,38,13,81,06,106"
"57,57,43,43"
"73,73,59,59"
"105,105,77,77"
"50,50,39,39"
"64,64,44,44"
"80,80,41,41"
"80,80,65,65"
"116,116,42,42"
"116,116,70,70"
"53,53,39,39"
"58,58,44,44"
"56,56,41,41"
"60,60,45,45"
"50,50,38,38"
"56,56,41,41"
"48,48,34,34"
"51,51,38,38"
"53,53,37,37"
"79,79,41,41"
"79,79,63,63"
"151,151,61,61"
"151,151,61,61"
"56,56,35,35"
"142,142,58,58"
"1,42,14,21,11,111"
"110,110,40,40"
"110,110,88,88"
"91,91,71,71"
"77,77,61,61"
"63,63,47,47"
"58,58,44,44"
"1,36,13,61,02,102"
"56,56,41,41"
"112,112,88,88"
"51,51,38,38"
"100,100,77,77"
"48,48,34,34"
"82,82,64,64"
"268,268,61,61"
"2,68,26,82,02,202"
"1,76,17,61,17,117"
"215,215,52,52"
"2,15,21,51,77,177"
"63,63,47,47"
"135,135,92,92"
"181,181,41,41"
"181,181,40,40"
"181,181,40,40"
"1,81,18,11,37,137"
"231,231,94,94"
"2,31,23,11,96,196"
"59,59,44,44"
"103,103,69,69"
"172,172,40,40"
"1,72,17,21,29,129"
"40,40,29,29"
"53,53,42,42"
"88,88,64,64"
"1,29,12,91,02,102"
"51,51,39,39"
"61,61,43,43"
"116,116,98,98"
"130,130,94,94"
"49,49,39,39"
"61,61,42,42"
"114,114,74,74"
"47,47,32,32"
"60,60,40,40"
"60,60,45,45"
"106,106,72,72"
"55,55,41,41"
"89,89,60,60"
"89,89,65,65"
"81,81,55,55"
"122,122,82,82"
"98,98,67,67"
"59,59,42,42"
"75,75,60,60"
"98,98,65,65"
"98,98,66,66"
"89,89,66,66"
"1,93,19,31,46,146"
"44,44,32,32"
"64,64,42,42"
"82,82,58,58"
"1,50,15,01,18,118"
"76,76,46,46"
"56,56,39,39"
"1,32,13,21,00,100"
"65,65,42,42"
"53,53,41,41"
"109,109,87,87"
"62,62,43,43"
"53,53,40,40"
"97,97,76,76"
"137,137,98,98"
"1,67,16,71,28,128"
"2,43,24,31,15,115"
"56,56,40,40"
"83,83,65,65"
"107,107,75,75"
"1,44,14,41,14,114"
"52,52,39,39"
"74,74,61,61"
"96,96,69,69"
"117,117,90,90"
"1,36,13,61,04,104"
"151,151,73,73"
"52,52,39,39"
"67,67,53,53"
"81,81,64,64"
"109,109,79,79"
"97,97,77,77"
"48,48,33,33"
"73,73,52,52"
"59,59,45,45"
"98,98,66,66"
"90,90,66,66"
"149,149,61,61"
"149,149,68,68"
"1,49,14,91,27,127"
"196,196,60,60"
"196,196,66,66"
"196,196,70,70"
"64,64,40,40"
"76,76,59,59"
"57,57,45,45"
"83,83,56,56"
"1,36,13,61,08,108"
"51,51,36,36"
"72,72,46,46"
"58,58,42,42"
"60,60,45,45"
"110,110,88,88"
"60,60,44,44"
"50,50,39,39"
"65,65,44,44"
"56,56,40,40"
"98,98,75,75"
"49,49,39,39"
"57,57,42,42"
"58,58,43,43"
"58,58,41,41"
"83,83,64,64"
"89,89,66,66"
"52,52,37,37"
"52,52,37,37"
"58,58,43,43"
"76,76,60,60"
"56,56,41,41"
"55,55,39,39"
"54,54,41,41"
"66,66,51,51"
"89,89,56,56"
"47,47,34,34"
"49,49,39,39"
"58,58,44,44"
"46,46,33,33"
"50,50,38,38"
"57,57,45,45"
"135,135,40,40"
"135,135,81,81"
"55,55,41,41"
"53,53,36,36"
"125,125,65,65"
"125,125,86,86"
"52,52,39,39"
"53,53,36,36"
"103,103,64,64"
"103,103,63,63"
"93,93,70,70"
"50,50,39,39"
"96,96,63,63"
"1,28,12,81,01,101"
"55,55,40,40"
"99,99,69,69"
"83,83,60,60"
"52,52,36,36"
"81,81,63,63"
"86,86,66,66"
"89,89,42,42"
"151,151,87,87"
"151,151,96,96"
"174,174,40,40"
"1,74,17,41,34,134"
"47,47,33,33"
"73,73,61,61"
"72,72,47,47"
"152,152,41,41"
"1,52,15,21,16,116"
"138,138,62,62"
"138,138,77,77"
"1,38,13,81,09,109"
"65,65,43,43"
"113,113,70,70"
"113,113,91,91"
"89,89,50,50"
"89,89,71,71"
"1,40,14,01,08,108"
"44,44,32,32"
"57,57,42,42"
"69,69,44,44"
"110,110,73,73"
"116,116,95,95"
"60,60,41,41"
"90,90,61,61"
"55,55,41,41"
"89,89,43,43"
"52,52,37,37"
"69,69,42,42"
"77,77,60,60"
"1,45,14,51,10,110"
"98,98,79,79"
"67,67,44,44"
"61,61,42,42"
"118,118,92,92"
"61,61,43,43"
"60,60,45,45"
"111,111,86,86"
"139,139,40,40"
"63,63,42,42"
"113,113,81,81"
"55,55,39,39"
"1,46,14,61,17,117"
"116,116,78,78"
"52,52,36,36"
"114,114,87,87"
"44,44,28,28"
"58,58,40,40"
"91,91,62,62"
"59,59,43,43"
"75,75,52,52"
"42,42,30,30"
"63,63,42,42"
"58,58,43,43"
"1,47,14,71,09,109"
"42,42,30,30"
"57,57,43,43"
"63,63,41,41"
"118,118,81,81"
"54,54,40,40"
"53,53,31,31"
"96,96,67,67"
"52,52,38,38"
"81,81,62,62"
"53,53,37,37"
"125,125,39,39"
"125,125,95,95"
"67,67,50,50"
"53,53,33,33"
"62,62,42,42"
"103,103,81,81"
"49,49,34,34"
"60,60,42,42"
"89,89,66,66"
"57,57,42,42"
"76,76,60,60"
"62,62,42,42"
"56,56,40,40"
"49,49,38,38"
"52,52,39,39"
"1,35,13,51,04,104"
"89,89,42,42"
"53,53,40,40"
"110,110,81,81"
"1,34,13,41,13,113"
"151,151,53,53"
"196,196,64,64"
"1,96,19,61,33,133"
"79,79,46,46"
"88,88,67,67"
"1,32,13,21,07,107"
"71,71,56,56"
"104,104,84,84"
"60,60,46,46"
"53,53,40,40"
"88,88,68,68"
"1,38,13,81,06,106"
"57,57,43,43"
"73,73,59,59"
"105,105,77,77"
"50,50,39,39"
"64,64,44,44"
"80,80,41,41"
"80,80,65,65"
"116,116,42,42"
"116,116,70,70"
"53,53,39,39"
"58,58,44,44"
"56,56,41,41"
"60,60,45,45"
"50,50,38,38"
"56,56,41,41"
"48,48,34,34"
"51,51,38,38"
"53,53,37,37"
"79,79,41,41"
"79,79,63,63"
"151,151,61,61"
"151,151,61,61"
"56,56,35,35"
"142,142,58,58"
"1,42,14,21,11,111"
"63,63,42,42"
"113,113,81,81"
"55,55,39,39"
"1,46,14,61,17,117"
"116,116,78,78"
"52,52,36,36"
"114,114,87,87"
"44,44,28,28"
"58,58,40,40"
"91,91,62,62"
"75,75,52,52"
"59,59,43,43"
"42,42,30,30"
"63,63,42,42"
"58,58,43,43"
"1,47,14,71,09,109"
"42,42,30,30"
"63,63,41,41"
"57,57,43,43"
"118,118,81,81"
"54,54,40,40"
"53,53,31,31"
"96,96,67,67"
"52,52,38,38"
"81,81,62,62"
"53,53,37,37"
"125,125,39,39"
"125,125,95,95"
"67,67,50,50"
"53,53,33,33"
"62,62,42,42"
"103,103,81,81"
"49,49,34,34"
"60,60,42,42"
"89,89,66,66"
"76,76,60,60"
"57,57,42,42"
"62,62,42,42"
"56,56,40,40"
"49,49,38,38"
"52,52,39,39"
"1,35,13,51,04,104"
"89,89,42,42"
"53,53,40,40"
"110,110,81,81"
"1,34,13,41,13,113"
"151,151,53,53"
"196,196,64,64"
"1,96,19,61,33,133"
"79,79,46,46"
"88,88,67,67"
"1,32,13,21,07,107"
"71,71,56,56"
"104,104,84,84"
"60,60,46,46"
"53,53,40,40"
"88,88,68,68"
"1,38,13,81,06,106"
"57,57,43,43"
"73,73,59,59"
"105,105,77,77"
"50,50,39,39"
"64,64,44,44"
"80,80,41,41"
"80,80,65,65"
"116,116,42,42"
"116,116,70,70"
"58,58,44,44"
"53,53,39,39"
"63,63,42,42"
"113,113,81,81"
"55,55,39,39"
"1,46,14,61,17,117"
"116,116,78,78"
"52,52,36,36"
"114,114,87,87"
"44,44,28,28"
"58,58,40,40"
"91,91,62,62"
"88,88,62,62"
"53,53,38,38"
"131,131,89,89"
"50,50,38,38"
"55,55,40,40"
"174,174,63,63"
"1,74,17,41,05,105"
"1,74,17,41,47,147"
"51,51,39,39"
"55,55,41,41"
"53,53,38,38"
"54,54,41,41"
"51,51,37,37"
"60,60,44,44"
"56,56,42,42"
"54,54,40,40"
"66,66,49,49"
"50,50,39,39"
"59,59,43,43"
"76,76,57,57"
"74,74,48,48"
"60,60,44,44"
"66,66,47,47"
"79,79,65,65"
"116,116,62,62"
"116,116,68,68"
"68,68,53,53"
"67,67,48,48"
"98,98,74,74"
"151,151,87,87"
"151,151,72,72"
"51,51,37,37"
"74,74,51,51"
"118,118,96,96"
"88,88,62,62"
"53,53,38,38"
"131,131,89,89"
"50,50,38,38"
"55,55,40,40"
"174,174,63,63"
"1,74,17,41,05,105"
"1,74,17,41,47,147"
"51,51,39,39"
"55,55,41,41"
"53,53,38,38"
"54,54,41,41"
"51,51,37,37"
"60,60,44,44"
"56,56,42,42"
"54,54,40,40"
"66,66,49,49"
"50,50,39,39"
"59,59,43,43"
"76,76,57,57"
"74,74,48,48"
"60,60,44,44"
"66,66,47,47"
"79,79,65,65"
"116,116,62,62"
"116,116,68,68"
"67,67,48,48"
"68,68,53,53"
"98,98,74,74"
"151,151,87,87"
"151,151,72,72"
"51,51,37,37"
"74,74,51,51"
"118,118,96,96"
"79,79,65,65"
"53,53,39,39"
"97,97,65,65"
"1,64,16,41,36,136"
"44,44,31,31"
"53,53,41,41"
"85,85,65,65"
"69,69,45,45"
"116,116,78,78"
"50,50,36,36"
"58,58,42,42"
"96,96,77,77"
"151,151,40,40"
"151,151,62,62"
"151,151,91,91"
"50,50,37,37"
"106,106,89,89"
"53,53,40,40"
"75,75,40,40"
"75,75,60,60"
"1,28,12,81,03,103"
"58,58,43,43"
"84,84,49,49"
"1,53,15,31,23,123"
"48,48,34,34"
"62,62,45,45"
"116,116,54,54"
"116,116,88,88"
"1,74,17,41,34,134"
"50,50,38,38"
"67,67,47,47"
"138,138,69,69"
"2,40,24,02,08,208"
"50,50,38,38"
"75,75,54,54"
"63,63,42,42"
"113,113,81,81"
"55,55,39,39"
"1,46,14,61,17,117"
"116,116,78,78"
"52,52,36,36"
"114,114,87,87"
"44,44,28,28"
"58,58,40,40"
"91,91,62,62"
"75,75,52,52"
"59,59,43,43"
"42,42,30,30"
"63,63,42,42"
"58,58,43,43"
"1,47,14,71,09,109"
"42,42,30,30"
"63,63,41,41"
"57,57,43,43"
"118,118,81,81"
"54,54,40,40"
"53,53,31,31"
"96,96,67,67"
"52,52,38,38"
"81,81,62,62"
"53,53,37,37"
"125,125,39,39"
"125,125,95,95"
"67,67,50,50"
"53,53,33,33"
"62,62,42,42"
"103,103,81,81"
"49,49,34,34"
"60,60,42,42"
"89,89,66,66"
"76,76,60,60"
"57,57,42,42"
"62,62,42,42"
"56,56,40,40"
"88,88,62,62"
"53,53,38,38"
"131,131,89,89"
"50,50,38,38"
"55,55,40,40"
"174,174,63,63"
"1,74,17,41,05,105"
"1,74,17,41,47,147"
"51,51,39,39"
"55,55,41,41"
"53,53,38,38"
"54,54,41,41"
"51,51,37,37"
"60,60,44,44"
"56,56,42,42"
"54,54,40,40"
"66,66,49,49"
"50,50,39,39"
"59,59,43,43"
"76,76,57,57"
"74,74,48,48"
"60,60,44,44"
"66,66,47,47"
"79,79,65,65"
"116,116,62,62"
"116,116,68,68"
"68,68,53,53"
"67,67,48,48"
"98,98,74,74"
"151,151,87,87"
"151,151,72,72"
"51,51,37,37"
"74,74,51,51"
"118,118,96,96"
"53,53,39,39"
"79,79,65,65"
"97,97,65,65"
"1,64,16,41,36,136"
"44,44,31,31"
"53,53,41,41"
"85,85,65,65"
"69,69,45,45"
"116,116,78,78"
"50,50,36,36"
"58,58,42,42"
"96,96,77,77"
"151,151,40,40"
"151,151,62,62"
"151,151,91,91"
"50,50,37,37"
"106,106,89,89"
"53,53,40,40"
"75,75,40,40"
"75,75,60,60"
"1,28,12,81,03,103"
"58,58,43,43"
"84,84,49,49"
"1,53,15,31,23,123"
"48,48,34,34"
"62,62,45,45"
"116,116,54,54"
"116,116,88,88"
"1,74,17,41,34,134"
"50,50,38,38"
"67,67,47,47"
"138,138,69,69"
"2,40,24,02,08,208"
"50,50,38,38"
"75,75,54,54"
"59,59,43,43"
"83,83,63,63"
"61,61,45,45"
"99,99,76,76"
"72,72,54,54"
"115,115,86,86"
"45,45,30,30"
"81,81,66,66"
"127,127,52,52"
"1,27,12,71,05,105"
"48,48,32,32"
"49,49,37,37"
"104,104,84,84"
"180,180,64,64"
"1,80,18,01,39,139"
"48,48,34,34"
"47,47,33,33"
"129,129,40,40"
"1,29,12,91,04,104"
"52,52,38,38"
"52,52,37,37"
"2,16,21,61,67,167"
"54,54,41,41"
"56,56,41,41"
"57,57,43,43"
"63,63,45,45"
"53,53,35,35"
"46,46,34,34"
"49,49,39,39"
"59,59,44,44"
"61,61,46,46"
"49,49,36,36"
"51,51,39,39"
"66,66,45,45"
"74,74,52,52"
"53,53,40,40"
"56,56,42,42"
"74,74,56,56"
"82,82,57,57"
"57,57,43,43"
"61,61,43,43"
"92,92,63,63"
"82,82,62,62"
"60,60,43,43"
"119,119,85,85"
"68,68,52,52"
"99,99,42,42"
"99,99,69,69"
"64,64,45,45"
"74,74,57,57"
"116,116,85,85"
"1,96,19,61,70,170"
"89,89,64,64"
"75,75,51,51"
"1,45,14,51,13,113"
"100,100,73,73"
"90,90,67,67"
"125,125,91,91"
"128,128,39,39"
"1,28,12,81,02,102"
"1,47,14,71,17,117"
"50,50,39,39"
"58,58,45,45"
"71,71,56,56"
"75,75,43,43"
"75,75,62,62"
"123,123,35,35"
"1,23,12,31,02,102"
"54,54,40,40"
"55,55,41,41"
"80,80,63,63"
"62,62,40,40"
"62,62,51,51"
"85,85,65,65"
"63,63,40,40"
"59,59,41,41"
"62,62,47,47"
"79,79,66,66"
"103,103,38,38"
"103,103,85,85"
"73,73,54,54"
"74,74,53,53"
"74,74,39,39"
"101,101,39,39"
"101,101,66,66"
"101,101,83,83"
"147,147,99,99"
"135,135,40,40"
"135,135,40,40"
"1,35,13,51,14,114"
"103,103,64,64"
"82,82,64,64"
"143,143,39,39"
"143,143,40,40"
"1,43,14,31,21,121"
"49,49,38,38"
"82,82,66,66"
"104,104,64,64"
"104,104,91,91"
"55,55,42,42"
"103,103,39,39"
"103,103,86,86"
"59,59,43,43"
"116,116,93,93"
"128,128,42,42"
"1,28,12,81,04,104"
"50,50,39,39"
"63,63,45,45"
"57,57,44,44"
"76,76,53,53"
"65,65,40,40"
"65,65,51,51"
"88,88,59,59"
"78,78,52,52"
"69,69,42,42"
"106,106,55,55"
"106,106,39,39"
"58,58,44,44"
"51,51,37,37"
"98,98,68,68"
"55,55,39,39"
"60,60,46,46"
"134,134,40,40"
"134,134,85,85"
"49,49,38,38"
"54,54,40,40"
"74,74,60,60"
"54,54,43,43"
"70,70,45,45"
"87,87,70,70"
"59,59,46,46"
"55,55,42,42"
"53,53,41,41"
"71,71,55,55"
"75,75,62,62"
"116,116,68,68"
"116,116,68,68"
"1,44,14,41,22,122"
"57,57,44,44"
"62,62,48,48"
"86,86,67,67"
"89,89,60,60"
"70,70,51,51"
"77,77,55,55"
"93,93,71,71"
"48,48,33,33"
"60,60,44,44"
"80,80,65,65"
"88,88,71,71"
"114,114,94,94"
"56,56,41,41"
"61,61,44,44"
"53,53,41,41"
"98,98,62,62"
"98,98,82,82"
"153,153,42,42"
"153,153,42,42"
"1,53,15,31,22,122"
"1,35,13,51,13,113"
"64,64,45,45"
"51,51,39,39"
"73,73,55,55"
"132,132,44,44"
"1,32,13,21,12,112"
"116,116,62,62"
"70,70,49,49"
"79,79,59,59"
"64,64,45,45"
"51,51,39,39"
"52,52,39,39"
"65,65,47,47"
"69,69,43,43"
"88,88,66,66"
"89,89,58,58"
"57,57,45,45"
"57,57,45,45"
"78,78,61,61"
"104,104,41,41"
"112,112,92,92"
"65,65,41,41"
"63,63,46,46"
"85,85,65,65"
"81,81,59,59"
"78,78,61,61"
"51,51,37,37"
"89,89,61,61"
"99,99,72,72"
"53,53,42,42"
"129,129,84,84"
"133,133,92,92"
"63,63,45,45"
"53,53,42,42"
"58,58,44,44"
"63,63,44,44"
"70,70,51,51"
"75,75,61,61"
"77,77,42,42"
"77,77,62,62"
"50,50,39,39"
"58,58,45,45"
"71,71,56,56"
"75,75,43,43"
"75,75,62,62"
"123,123,35,35"
"1,23,12,31,02,102"
"54,54,40,40"
"55,55,41,41"
"80,80,63,63"
"62,62,40,40"
"62,62,51,51"
"85,85,65,65"
"63,63,40,40"
"59,59,41,41"
"62,62,47,47"
"79,79,66,66"
"103,103,38,38"
"103,103,85,85"
"74,74,53,53"
"74,74,39,39"
"73,73,54,54"
"101,101,39,39"
"101,101,66,66"
"101,101,83,83"
"147,147,99,99"
"135,135,40,40"
"135,135,40,40"
"1,35,13,51,14,114"
"103,103,64,64"
"82,82,64,64"
"143,143,39,39"
"143,143,40,40"
"1,43,14,31,21,121"
"49,49,38,38"
"82,82,66,66"
"104,104,64,64"
"104,104,91,91"
"55,55,42,42"
"103,103,39,39"
"103,103,86,86"
"59,59,43,43"
"116,116,93,93"
"128,128,42,42"
"1,28,12,81,04,104"
"50,50,39,39"
"63,63,45,45"
"57,57,44,44"
"76,76,53,53"
"65,65,40,40"
"65,65,51,51"
"88,88,59,59"
"78,78,52,52"
"69,69,42,42"
"106,106,55,55"
"106,106,39,39"
"58,58,44,44"
"51,51,37,37"
"98,98,68,68"
"55,55,39,39"
"60,60,46,46"
"134,134,40,40"
"134,134,85,85"
"49,49,38,38"
"54,54,40,40"
"74,74,60,60"
"54,54,43,43"
"70,70,45,45"
"87,87,70,70"
"59,59,46,46"
"55,55,42,42"
"53,53,41,41"
"71,71,55,55"
"75,75,62,62"
"116,116,68,68"
"116,116,68,68"
"1,44,14,41,22,122"
"62,62,48,48"
"57,57,44,44"
"86,86,67,67"
"89,89,60,60"
"70,70,51,51"
"77,77,55,55"
"93,93,71,71"
"48,48,33,33"
"60,60,44,44"
"80,80,65,65"
"88,88,71,71"
"114,114,94,94"
"56,56,41,41"
"61,61,44,44"
"53,53,41,41"
"98,98,62,62"
"98,98,82,82"
"153,153,42,42"
"153,153,42,42"
"1,53,15,31,22,122"
"1,35,13,51,13,113"
"64,64,45,45"
"51,51,39,39"
"73,73,55,55"
"116,116,62,62"
"132,132,44,44"
"1,32,13,21,12,112"
"70,70,49,49"
"64,64,45,45"
"79,79,59,59"
"51,51,39,39"
"52,52,39,39"
"65,65,47,47"
"69,69,43,43"
"88,88,66,66"
"89,89,58,58"
"57,57,45,45"
"57,57,45,45"
"78,78,61,61"
"104,104,41,41"
"112,112,92,92"
"65,65,41,41"
"63,63,46,46"
"85,85,65,65"
"81,81,59,59"
"78,78,61,61"
"51,51,37,37"
"89,89,61,61"
"99,99,72,72"
"53,53,42,42"
"129,129,84,84"
"133,133,92,92"
"63,63,51,51"
"34,34,28,28"
"112,112,82,82"
"48,48,38,38"
"127,127,71,71"
"127,127,85,85"
"88,88,65,65"
"56,56,43,43"
"110,110,75,75"
"35,35,27,27"
"85,85,58,58"
"54,54,38,38"
"88,88,70,70"
"56,56,33,33"
"45,45,34,34"
"55,55,50,50"
"53,53,29,29"
"76,76,58,58"
"45,45,33,33"
"56,56,46,46"
"1,47,14,71,02,102"
"69,69,53,53"
"43,43,32,32"
"115,115,83,83"
"57,57,48,48"
"39,39,29,29"
"55,55,43,43"
"58,58,46,46"
"94,94,68,68"
"53,53,31,31"
"41,41,34,34"
"57,57,45,45"
"1,29,12,91,03,103"
"44,44,32,32"
"79,79,61,61"
"43,43,35,35"
"63,63,51,51"
"34,34,28,28"
"112,112,82,82"
"48,48,38,38"
"127,127,71,71"
"127,127,85,85"
"88,88,65,65"
"56,56,43,43"
"110,110,75,75"
"85,85,58,58"
"35,35,27,27"
"54,54,38,38"
"88,88,70,70"
"56,56,33,33"
"45,45,34,34"
"55,55,50,50"
"53,53,29,29"
"76,76,58,58"
"45,45,33,33"
"1,63,16,31,38,138"
"154,154,91,91"
"154,154,55,55"
"1,29,12,91,12,112"
"69,69,57,57"
"2,63,26,31,55,155"
"143,143,83,83"
"2,70,27,02,42,242"
"2,70,27,01,44,144"
"1,41,14,11,22,122"
"141,141,56,56"
"1,68,16,81,42,142"
"67,67,59,59"
"2,13,21,31,72,172"
"3,71,37,11,75,175"
"371,371,54,54"
"371,371,55,55"
"371,371,57,57"
"371,371,81,81"
"152,152,88,88"
"75,75,63,63"
"1,65,16,51,36,136"
"67,67,58,58"
"2,18,21,81,84,184"
"218,218,92,92"
"171,171,97,97"
"1,74,17,41,43,143"
"174,174,67,67"
"3,89,38,92,31,231"
"69,69,61,61"
"89,89,73,73"
"58,58,50,50"
"77,77,61,61"
"116,116,73,73"
"89,89,75,75"
"2,11,21,11,74,174"
"2,11,21,11,06,106"
"1,86,18,61,57,157"
"1,66,16,61,34,134"
"124,124,69,69"
"124,124,93,93"
"2,12,21,21,74,174"
"2,25,22,51,95,195"
"2,25,22,51,04,104"
"118,118,71,71"
"118,118,84,84"
"221,221,54,54"
"2,21,22,11,66,166"
"2,21,22,11,13,113"
"2,66,26,62,22,222"
"2,33,23,32,06,206"
"233,233,58,58"
"233,233,76,76"
"3,31,33,12,01,201"
"331,331,73,73"
"34,34,28,28"
"48,48,38,38"
"112,112,82,82"
"63,63,51,51"
"127,127,71,71"
"127,127,85,85"
"88,88,65,65"
"56,56,43,43"
"110,110,75,75"
"35,35,27,27"
"54,54,38,38"
"85,85,58,58"
"56,56,33,33"
"88,88,70,70"
"45,45,34,34"
"53,53,29,29"
"76,76,58,58"
"45,45,33,33"
"55,55,50,50"
"1,47,14,71,02,102"
"43,43,32,32"
"69,69,53,53"
"56,56,46,46"
"115,115,83,83"
"39,39,29,29"
"57,57,48,48"
"55,55,43,43"
"94,94,68,68"
"53,53,31,31"
"58,58,46,46"
"41,41,34,34"
"44,44,32,32"
"1,29,12,91,03,103"
"79,79,61,61"
"43,43,35,35"
"57,57,45,45"
"100,100,76,76"
"68,68,54,54"
"55,55,39,39"
"87,87,70,70"
"31,31,27,27"
"47,47,28,28"
"61,61,51,51"
"51,51,39,39"
"74,74,59,59"
"31,31,26,26"
"51,51,37,37"
"60,60,49,49"
"51,51,35,35"
"56,56,44,44"
"62,62,54,54"
"49,49,35,35"
"50,50,39,39"
"138,138,91,91"
"63,63,52,52"
"48,48,41,41"
"1,56,15,61,32,132"
"1,32,13,21,10,110"
"55,55,28,28"
"42,42,37,37"
"112,112,85,85"
"64,64,53,53"
"131,131,94,94"
"90,90,71,71"
"48,48,33,33"
"75,75,49,49"
"72,72,59,59"
"107,107,84,84"
"134,134,94,94"
"91,91,71,71"
"37,37,30,30"
"57,57,32,32"
"59,59,51,51"
"74,74,61,61"
"112,112,82,82"
"57,57,49,49"
"55,55,29,29"
"55,55,50,50"
"35,35,30,30"
"79,79,67,67"
"134,134,70,70"
"134,134,82,82"
"53,53,46,46"
"63,63,53,53"
"62,62,51,51"
"50,50,39,39"
"63,63,55,55"
"57,57,48,48"
"59,59,51,51"
"50,50,40,40"
"89,89,55,55"
"52,52,42,42"
"57,57,47,47"
"51,51,42,42"
"50,50,40,40"
"62,62,43,43"
"50,50,36,36"
"1,48,14,81,20,120"
"148,148,60,60"
"61,61,41,41"
"143,143,52,52"
"143,143,88,88"
"47,47,36,36"
"111,111,85,85"
"91,91,75,75"
"81,81,64,64"
"53,53,37,37"
"48,48,34,34"
"1,96,19,61,44,144"
"64,64,55,55"
"48,48,33,33"
"1,35,13,51,06,106"
"58,58,52,52"
"111,111,89,89"
"57,57,48,48"
"316,316,69,69"
"316,316,63,63"
"101,101,79,79"
"52,52,42,42"
"73,73,60,60"
"83,83,67,67"
"258,258,61,61"
"2,58,25,82,00,200"
"181,181,45,45"
"50,50,39,39"
"74,74,61,61"
"222,222,55,55"
"2,22,22,21,62,162"
"1,57,15,71,19,119"
"48,48,39,39"
"2,55,25,52,12,212"
"65,65,55,55"
"1,87,18,71,52,152"
"132,132,92,92"
"64,64,55,55"
"102,102,74,74"
"58,58,52,52"
"1,74,17,41,37,137"
"38,38,31,31"
"89,89,59,59"
"86,86,64,64"
"1,32,13,21,14,114"
"43,43,33,33"
"53,53,47,47"
"124,124,82,82"
"62,62,54,54"
"112,112,98,98"
"50,50,40,40"
"114,114,72,72"
"66,66,53,53"
"110,110,91,91"
"50,50,39,39"
"95,95,70,70"
"60,60,49,49"
"116,116,85,85"
"47,47,41,41"
"85,85,63,63"
"54,54,38,38"
"100,100,88,88"
"53,53,45,45"
"112,112,84,84"
"71,71,53,53"
"51,51,36,36"
"49,49,40,40"
"100,100,78,78"
"34,34,28,28"
"63,63,51,51"
"112,112,82,82"
"48,48,38,38"
"127,127,71,71"
"127,127,85,85"
"88,88,65,65"
"56,56,43,43"
"110,110,75,75"
"35,35,27,27"
"54,54,38,38"
"85,85,58,58"
"56,56,33,33"
"88,88,70,70"
"45,45,34,34"
"53,53,29,29"
"76,76,58,58"
"45,45,33,33"
"55,55,50,50"
"1,47,14,71,02,102"
"56,56,46,46"
"43,43,32,32"
"69,69,53,53"
"115,115,83,83"
"39,39,29,29"
"57,57,48,48"
"55,55,43,43"
"53,53,31,31"
"94,94,68,68"
"41,41,34,34"
"58,58,46,46"
"44,44,32,32"
"79,79,61,61"
"1,29,12,91,03,103"
"43,43,35,35"
"57,57,45,45"
"47,47,36,36"
"90,90,74,74"
"55,55,44,44"
"35,35,27,27"
"50,50,35,35"
"80,80,66,66"
"49,49,38,38"
"51,51,42,42"
"57,57,47,47"
"87,87,66,66"
"55,55,45,45"
"82,82,60,60"
"1,28,12,81,18,118"
"61,61,53,53"
"34,34,27,27"
"1,25,12,51,14,114"
"66,66,52,52"
"34,34,26,26"
"53,53,45,45"
"69,69,52,52"
"48,48,35,35"
"93,93,69,69"
"1,47,14,71,21,121"
"82,82,69,69"
"53,53,45,45"
"59,59,50,50"
"50,50,25,25"
"34,34,27,27"
"31,31,26,26"
"50,50,29,29"
"31,31,25,25"
"76,76,61,61"
"39,39,32,32"
"47,47,36,36"
"79,79,30,30"
"79,79,34,34"
"79,79,68,68"
"97,97,81,81"
"61,61,50,50"
"58,58,48,48"
"52,52,39,39"
"60,60,50,50"
"31,31,25,25"
"31,31,25,25"
"55,55,37,37"
"66,66,56,56"
"100,100,81,81"
"65,65,53,53"
"37,37,27,27"
"44,44,32,32"
"46,46,34,34"
"51,51,43,43"
"45,45,33,33"
"113,113,99,99"
"52,52,37,37"
"77,77,58,58"
"31,31,25,25"
"1,51,15,11,15,115"
"52,52,28,28"
"40,40,29,29"
"48,48,34,34"
"49,49,37,37"
"52,52,44,44"
"41,41,28,28"
"31,31,26,26"
"31,31,24,24"
"61,61,52,52"
"31,31,27,27"
"34,34,28,28"
"85,85,70,70"
"70,70,59,59"
"52,52,39,39"
"76,76,59,59"
"32,32,25,25"
"31,31,26,26"
"31,31,25,25"
"49,49,32,32"
"53,53,46,46"
"79,79,61,61"
"31,31,26,26"
"48,48,34,34"
"34,34,26,26"
"31,31,25,25"
"32,32,26,26"
"42,42,27,27"
"34,34,27,27"
"48,48,33,33"
"48,48,35,35"
"58,58,47,47"
"51,51,40,40"
"58,58,46,46"
"119,119,91,91"
"66,66,50,50"
"107,107,93,93"
"72,72,49,49"
"48,48,39,39"
"36,36,31,31"
"37,37,29,29"
"51,51,35,35"
"51,51,35,35"
"61,61,48,48"
"77,77,60,60"
"54,54,43,43"
"88,88,70,70"
"34,34,27,27"
"51,51,35,35"
"80,80,66,66"
"31,31,25,25"
"53,53,26,26"
"44,44,33,33"
"126,126,94,94"
"58,58,48,48"
"67,67,58,58"
"31,31,25,25"
"34,34,28,28"
"63,63,51,51"
"48,48,38,38"
"112,112,82,82"
"127,127,85,85"
"127,127,71,71"
"88,88,65,65"
"56,56,43,43"
"110,110,75,75"
"35,35,27,27"
"54,54,38,38"
"85,85,58,58"
"56,56,33,33"
"88,88,70,70"
"45,45,34,34"
"53,53,29,29"
"76,76,58,58"
"45,45,33,33"
"55,55,50,50"
"34,34,28,28"
"63,63,51,51"
"48,48,38,38"
"112,112,82,82"
"127,127,71,71"
"127,127,85,85"
"88,88,65,65"
"56,56,43,43"
"110,110,75,75"
"35,35,27,27"
"54,54,38,38"
"85,85,58,58"
"56,56,33,33"
"88,88,70,70"
"45,45,34,34"
"53,53,29,29"
"76,76,58,58"
"45,45,33,33"
"55,55,50,50"
"1,47,14,71,02,102"
"43,43,32,32"
"56,56,46,46"
"69,69,53,53"
"115,115,83,83"
"39,39,29,29"
"57,57,48,48"
"55,55,43,43"
"53,53,31,31"
"94,94,68,68"
"41,41,34,34"
"58,58,46,46"
"1,29,12,91,03,103"
"44,44,32,32"
"79,79,61,61"
"43,43,35,35"
"57,57,45,45"
"100,100,76,76"
"55,55,39,39"
"68,68,54,54"
"87,87,70,70"
"31,31,27,27"
"47,47,28,28"
"61,61,51,51"
"51,51,39,39"
"74,74,59,59"
"31,31,26,26"
"60,60,49,49"
"51,51,37,37"
"56,56,44,44"
"51,51,35,35"
"62,62,54,54"
"49,49,35,35"
"50,50,39,39"
"138,138,91,91"
"63,63,52,52"
"48,48,41,41"
"1,56,15,61,32,132"
"1,32,13,21,10,110"
"55,55,28,28"
"42,42,37,37"
"112,112,85,85"
"64,64,53,53"
"131,131,94,94"
"48,48,33,33"
"90,90,71,71"
"75,75,49,49"
"72,72,59,59"
"107,107,84,84"
"134,134,94,94"
"91,91,71,71"
"37,37,30,30"
"57,57,32,32"
"59,59,51,51"
"74,74,61,61"
"112,112,82,82"
"55,55,29,29"
"55,55,50,50"
"57,57,49,49"
"35,35,30,30"
"79,79,67,67"
"134,134,70,70"
"134,134,82,82"
"63,63,53,53"
"53,53,46,46"
"62,62,51,51"
"50,50,39,39"
"63,63,55,55"
"57,57,48,48"
"59,59,51,51"
"50,50,40,40"
"89,89,55,55"
"52,52,42,42"
"57,57,47,47"
"51,51,42,42"
"50,50,40,40"
"62,62,43,43"
"50,50,36,36"
"1,48,14,81,20,120"
"148,148,60,60"
"61,61,41,41"
"143,143,52,52"
"143,143,88,88"
"47,47,36,36"
"111,111,85,85"
"91,91,75,75"
"81,81,64,64"
"53,53,37,37"
"48,48,34,34"
"1,96,19,61,44,144"
"64,64,55,55"
"48,48,33,33"
"1,35,13,51,06,106"
"58,58,52,52"
"57,57,48,48"
"111,111,89,89"
"101,101,79,79"
"316,316,69,69"
"316,316,63,63"
"52,52,42,42"
"73,73,60,60"
"83,83,67,67"
"258,258,61,61"
"2,58,25,82,00,200"
"181,181,45,45"
"50,50,39,39"
"74,74,61,61"
"222,222,55,55"
"2,22,22,21,62,162"
"2,55,25,52,12,212"
"1,57,15,71,19,119"
"48,48,39,39"
"65,65,55,55"
"1,87,18,71,52,152"
"132,132,92,92"
"64,64,55,55"
"102,102,74,74"
"1,74,17,41,37,137"
"58,58,52,52"
"38,38,31,31"
"89,89,59,59"
"86,86,64,64"
"1,32,13,21,14,114"
"43,43,33,33"
"53,53,47,47"
"124,124,82,82"
"50,50,40,40"
"62,62,54,54"
"112,112,98,98"
"114,114,72,72"
"66,66,53,53"
"110,110,91,91"
"50,50,39,39"
"95,95,70,70"
"60,60,49,49"
"116,116,85,85"
"47,47,41,41"
"85,85,63,63"
"53,53,45,45"
"100,100,88,88"
"54,54,38,38"
"112,112,84,84"
"71,71,53,53"
"51,51,36,36"
"100,100,78,78"
"49,49,40,40"
"1,83,18,31,36,136"
"79,79,62,62"
"49,49,35,35"
"97,97,68,68"
"46,46,36,36"
"89,89,62,62"
"89,89,55,55"
"1,50,15,01,17,117"
"82,82,60,60"
"53,53,35,35"
"46,46,35,35"
"83,83,61,61"
"195,195,64,64"
"64,64,50,50"
"1,30,13,01,03,103"
"78,78,55,55"
"56,56,41,41"
"66,66,53,53"
"50,50,28,28"
"109,109,87,87"
"55,55,46,46"
"134,134,89,89"
"37,37,27,27"
"255,255,98,98"
"53,53,35,35"
"105,105,80,80"
"116,116,95,95"
"34,34,28,28"
"1,72,17,21,32,132"
"62,62,47,47"
"53,53,47,47"
"37,37,29,29"
"105,105,80,80"
"45,45,27,27"
"45,45,37,37"
"1,46,14,61,13,113"
"221,221,95,95"
"58,58,47,47"
"53,53,43,43"
"85,85,71,71"
"34,34,28,28"
"48,48,38,38"
"63,63,51,51"
"112,112,82,82"
"127,127,71,71"
"127,127,85,85"
"88,88,65,65"
"56,56,43,43"
"110,110,75,75"
"35,35,27,27"
"54,54,38,38"
"85,85,58,58"
"56,56,33,33"
"88,88,70,70"
"45,45,34,34"
"53,53,29,29"
"76,76,58,58"
"45,45,33,33"
"55,55,50,50"
"1,47,14,71,02,102"
"43,43,32,32"
"56,56,46,46"
"69,69,53,53"
"115,115,83,83"
"39,39,29,29"
"57,57,48,48"
"55,55,43,43"
"53,53,31,31"
"94,94,68,68"
"58,58,46,46"
"41,41,34,34"
"44,44,32,32"
"1,29,12,91,03,103"
"79,79,61,61"
"57,57,45,45"
"43,43,35,35"
"68,68,54,54"
"100,100,76,76"
"55,55,39,39"
"87,87,70,70"
"31,31,27,27"
"47,47,28,28"
"61,61,51,51"
"51,51,39,39"
"74,74,59,59"
"31,31,26,26"
"60,60,49,49"
"51,51,37,37"
"56,56,44,44"
"51,51,35,35"
"62,62,54,54"
"49,49,35,35"
"50,50,39,39"
"138,138,91,91"
"63,63,52,52"
"48,48,41,41"
"1,56,15,61,32,132"
"1,32,13,21,10,110"
"55,55,28,28"
"42,42,37,37"
"112,112,85,85"
"64,64,53,53"
"131,131,94,94"
"48,48,33,33"
"90,90,71,71"
"75,75,49,49"
"72,72,59,59"
"107,107,84,84"
"134,134,94,94"
"91,91,71,71"
"37,37,30,30"
"57,57,32,32"
"59,59,51,51"
"74,74,61,61"
"112,112,82,82"
"55,55,29,29"
"55,55,50,50"
"57,57,49,49"
"35,35,30,30"
"79,79,67,67"
"134,134,70,70"
"134,134,82,82"
"53,53,46,46"
"63,63,53,53"
"62,62,51,51"
"50,50,39,39"
"63,63,55,55"
"57,57,48,48"
"59,59,51,51"
"50,50,40,40"
"89,89,55,55"
"52,52,42,42"
"57,57,47,47"
"51,51,42,42"
"50,50,40,40"
"62,62,43,43"
"50,50,36,36"
"1,48,14,81,20,120"
"148,148,60,60"
"61,61,41,41"
"143,143,52,52"
"143,143,88,88"
"47,47,36,36"
"111,111,85,85"
"91,91,75,75"
"81,81,64,64"
"53,53,37,37"
"48,48,34,34"
"1,96,19,61,44,144"
"64,64,55,55"
"48,48,33,33"
"1,35,13,51,06,106"
"58,58,52,52"
"111,111,89,89"
"57,57,48,48"
"316,316,69,69"
"316,316,63,63"
"101,101,79,79"
"73,73,60,60"
"52,52,42,42"
"83,83,67,67"
"258,258,61,61"
"2,58,25,82,00,200"
"181,181,45,45"
"50,50,39,39"
"74,74,61,61"
"222,222,55,55"
"2,22,22,21,62,162"
"2,55,25,52,12,212"
"1,57,15,71,19,119"
"48,48,39,39"
"132,132,92,92"
"65,65,55,55"
"1,87,18,71,52,152"
"64,64,55,55"
"102,102,74,74"
"1,74,17,41,37,137"
"58,58,52,52"
"38,38,31,31"
"89,89,59,59"
"86,86,64,64"
"1,32,13,21,14,114"
"53,53,47,47"
"43,43,33,33"
"124,124,82,82"
"50,50,40,40"
"62,62,54,54"
"112,112,98,98"
"114,114,72,72"
"66,66,53,53"
"110,110,91,91"
"50,50,39,39"
"34,34,28,28"
"48,48,38,38"
"63,63,51,51"
"112,112,82,82"
"127,127,71,71"
"127,127,85,85"
"88,88,65,65"
"56,56,43,43"
"110,110,75,75"
"35,35,27,27"
"54,54,38,38"
"85,85,58,58"
"56,56,33,33"
"88,88,70,70"
"45,45,34,34"
"53,53,29,29"
"76,76,58,58"
"45,45,33,33"
"55,55,50,50"
"1,47,14,71,02,102"
"43,43,32,32"
"56,56,46,46"
"69,69,53,53"
"115,115,83,83"
"39,39,29,29"
"57,57,48,48"
"55,55,43,43"
"94,94,68,68"
"53,53,31,31"
"58,58,46,46"
"41,41,34,34"
"44,44,32,32"
"79,79,61,61"
"1,29,12,91,03,103"
"43,43,35,35"
"57,57,45,45"
"100,100,76,76"
"55,55,39,39"
"68,68,54,54"
"87,87,70,70"
"31,31,27,27"
"47,47,28,28"
"61,61,51,51"
"51,51,39,39"
"74,74,59,59"
"31,31,26,26"
"60,60,49,49"
"51,51,37,37"
"56,56,44,44"
"51,51,35,35"
"62,62,54,54"
"49,49,35,35"
"50,50,39,39"
"138,138,91,91"
"63,63,52,52"
"48,48,41,41"
"1,56,15,61,32,132"
"1,32,13,21,10,110"
"55,55,28,28"
"42,42,37,37"
"112,112,85,85"
"64,64,53,53"
"131,131,94,94"
"48,48,33,33"
"90,90,71,71"
"75,75,49,49"
"72,72,59,59"
"107,107,84,84"
"134,134,94,94"
"91,91,71,71"
"37,37,30,30"
"57,57,32,32"
"59,59,51,51"
"74,74,61,61"
"112,112,82,82"
"57,57,49,49"
"55,55,29,29"
"55,55,50,50"
"35,35,30,30"
"79,79,67,67"
"134,134,70,70"
"134,134,82,82"
"53,53,46,46"
"63,63,53,53"
"47,47,36,36"
"90,90,74,74"
"55,55,44,44"
"80,80,66,66"
"35,35,27,27"
"50,50,35,35"
"49,49,38,38"
"51,51,42,42"
"57,57,47,47"
"55,55,45,45"
"82,82,60,60"
"87,87,66,66"
"1,28,12,81,18,118"
"1,25,12,51,14,114"
"61,61,53,53"
"34,34,26,26"
"66,66,52,52"
"34,34,27,27"
"69,69,52,52"
"53,53,45,45"
"48,48,35,35"
"93,93,69,69"
"82,82,69,69"
"1,47,14,71,21,121"
"31,31,25,25"
"34,34,27,27"
"50,50,25,25"
"53,53,45,45"
"31,31,26,26"
"50,50,29,29"
"59,59,50,50"
"39,39,32,32"
"47,47,36,36"
"76,76,61,61"
"79,79,30,30"
"79,79,34,34"
"79,79,68,68"
"97,97,81,81"
"61,61,50,50"
"58,58,48,48"
"52,52,39,39"
"60,60,50,50"
"100,100,81,81"
"31,31,25,25"
"31,31,25,25"
"55,55,37,37"
"66,66,56,56"
"37,37,27,27"
"51,51,43,43"
"46,46,34,34"
"44,44,32,32"
"65,65,53,53"
"45,45,33,33"
"113,113,99,99"
"1,51,15,11,15,115"
"52,52,37,37"
"77,77,58,58"
"52,52,28,28"
"31,31,25,25"
"40,40,29,29"
"48,48,34,34"
"49,49,37,37"
"52,52,44,44"
"41,41,28,28"
"31,31,26,26"
"31,31,24,24"
"61,61,52,52"
"31,31,27,27"
"34,34,28,28"
"85,85,70,70"
"70,70,59,59"
"52,52,39,39"
"76,76,59,59"
"32,32,25,25"
"31,31,26,26"
"31,31,25,25"
"49,49,32,32"
"53,53,46,46"
"79,79,61,61"
"31,31,26,26"
"48,48,34,34"
"34,34,26,26"
"31,31,25,25"
"32,32,26,26"
"42,42,27,27"
"34,34,27,27"
"48,48,33,33"
"48,48,35,35"
"58,58,47,47"
"51,51,40,40"
"58,58,46,46"
"66,66,50,50"
"107,107,93,93"
"119,119,91,91"
"72,72,49,49"
"48,48,39,39"
"51,51,35,35"
"36,36,31,31"
"37,37,29,29"
"51,51,35,35"
"61,61,48,48"
"77,77,60,60"
"54,54,43,43"
"88,88,70,70"
"80,80,66,66"
"34,34,27,27"
"51,51,35,35"
"31,31,25,25"
"53,53,26,26"
"44,44,33,33"
"126,126,94,94"
"58,58,48,48"
"31,31,25,25"
"67,67,58,58"
"49,49,38,38"
"62,62,50,50"
"56,56,44,44"
"53,53,34,34"
"50,50,38,38"
"75,75,62,62"
"196,196,84,84"
"1,96,19,61,26,126"
"1,23,12,31,09,109"
"57,57,49,49"
"89,89,50,50"
"72,72,55,55"
"1,38,13,81,09,109"
"53,53,29,29"
"33,33,27,27"
"36,36,29,29"
"47,47,36,36"
"55,55,47,47"
"63,63,51,51"
"50,50,29,29"
"52,52,29,29"
"52,52,44,44"
"37,37,28,28"
"50,50,38,38"
"58,58,44,44"
"108,108,85,85"
"56,56,43,43"
"31,31,25,25"
"36,36,31,31"
"43,43,36,36"
"42,42,30,30"
"96,96,77,77"
"53,53,44,44"
"61,61,52,52"
"66,66,54,54"
"37,37,28,28"
"43,43,33,33"
"51,51,37,37"
"46,46,37,37"
"1,43,14,31,26,126"
"52,52,38,38"
"116,116,99,99"
"1,51,15,11,04,104"
"62,62,51,51"
"31,31,25,25"
"59,59,47,47"
"188,188,86,86"
"188,188,95,95"
"188,188,64,64"
"48,48,35,35"
"63,63,52,52"
"1,96,19,61,09,109"
"39,39,30,30"
"50,50,35,35"
"72,72,58,58"
"34,34,26,26"
"53,53,24,24"
"53,53,51,51"
"50,50,31,31"
"34,34,27,27"
"52,52,37,37"
"34,34,28,28"
"63,63,51,51"
"48,48,38,38"
"112,112,82,82"
"127,127,71,71"
"127,127,85,85"
"88,88,65,65"
"56,56,43,43"
"110,110,75,75"
"35,35,27,27"
"54,54,38,38"
"85,85,58,58"
"56,56,33,33"
"88,88,70,70"
"45,45,34,34"
"53,53,29,29"
"76,76,58,58"
"45,45,33,33"
"55,55,50,50"
"1,47,14,71,02,102"
"43,43,32,32"
"56,56,46,46"
"69,69,53,53"
"115,115,83,83"
"39,39,29,29"
"57,57,48,48"
"55,55,43,43"
"53,53,31,31"
"94,94,68,68"
"58,58,46,46"
"41,41,34,34"
"34,34,28,28"
"48,48,38,38"
"63,63,51,51"
"112,112,82,82"
"127,127,71,71"
"127,127,85,85"
"88,88,65,65"
"56,56,43,43"
"110,110,75,75"
"35,35,27,27"
"54,54,38,38"
"85,85,58,58"
"56,56,33,33"
"88,88,70,70"
"45,45,34,34"
"53,53,29,29"
"76,76,58,58"
"45,45,33,33"
"55,55,50,50"
"1,47,14,71,02,102"
"43,43,32,32"
"56,56,46,46"
"69,69,53,53"
"115,115,83,83"
"39,39,29,29"
"57,57,48,48"
"55,55,43,43"
"94,94,68,68"
"53,53,31,31"
"58,58,46,46"
"41,41,34,34"
"44,44,32,32"
"79,79,61,61"
"57,57,45,45"
"43,43,35,35"
"1,29,12,91,03,103"
"100,100,76,76"
"68,68,54,54"
"55,55,39,39"
"87,87,70,70"
"31,31,27,27"
"47,47,28,28"
"61,61,51,51"
"51,51,39,39"
"74,74,59,59"
"31,31,26,26"
"60,60,49,49"
"51,51,37,37"
"51,51,35,35"
"56,56,44,44"
"62,62,54,54"
"49,49,35,35"
"50,50,39,39"
"138,138,91,91"
"63,63,52,52"
"48,48,41,41"
"1,56,15,61,32,132"
"1,32,13,21,10,110"
"55,55,28,28"
"42,42,37,37"
"112,112,85,85"
"64,64,53,53"
"131,131,94,94"
"48,48,33,33"
"90,90,71,71"
"75,75,49,49"
"72,72,59,59"
"107,107,84,84"
"134,134,94,94"
"91,91,71,71"
"37,37,30,30"
"57,57,32,32"
"59,59,51,51"
"74,74,61,61"
"112,112,82,82"
"57,57,49,49"
"55,55,29,29"
"55,55,50,50"
"35,35,30,30"
"79,79,67,67"
"134,134,70,70"
"134,134,82,82"
"53,53,46,46"
"63,63,53,53"
"62,62,51,51"
"50,50,39,39"
"63,63,55,55"
"57,57,48,48"
"50,50,40,40"
"59,59,51,51"
"89,89,55,55"
"52,52,42,42"
"57,57,47,47"
"51,51,42,42"
"50,50,40,40"
"62,62,43,43"
"50,50,36,36"
"1,48,14,81,20,120"
"148,148,60,60"
"61,61,41,41"
"143,143,52,52"
"143,143,88,88"
"47,47,36,36"
"111,111,85,85"
"91,91,75,75"
"81,81,64,64"
"53,53,37,37"
"48,48,34,34"
"1,96,19,61,44,144"
"64,64,55,55"
"48,48,33,33"
"1,35,13,51,06,106"
"58,58,52,52"
"57,57,48,48"
"111,111,89,89"
"316,316,69,69"
"316,316,63,63"
"101,101,79,79"
"52,52,42,42"
"73,73,60,60"
"2,58,25,82,00,200"
"258,258,61,61"
"83,83,67,67"
"181,181,45,45"
"50,50,39,39"
"74,74,61,61"
"222,222,55,55"
"2,22,22,21,62,162"
"2,55,25,52,12,212"
"1,57,15,71,19,119"
"48,48,39,39"
"132,132,92,92"
"65,65,55,55"
"1,87,18,71,52,152"
"64,64,55,55"
"102,102,74,74"
"58,58,52,52"
"1,74,17,41,37,137"
"38,38,31,31"
"89,89,59,59"
"86,86,64,64"
"1,32,13,21,14,114"
"43,43,33,33"
"53,53,47,47"
"124,124,82,82"
"50,50,40,40"
"62,62,54,54"
"112,112,98,98"
"114,114,72,72"
"66,66,53,53"
"110,110,91,91"
"50,50,39,39"
"95,95,70,70"
"60,60,49,49"
"116,116,85,85"
"47,47,41,41"
"85,85,63,63"
"53,53,45,45"
"100,100,88,88"
"54,54,38,38"
"112,112,84,84"
"71,71,53,53"
"51,51,36,36"
"49,49,40,40"
"100,100,78,78"
"79,79,62,62"
"1,83,18,31,36,136"
"49,49,35,35"
"97,97,68,68"
"89,89,62,62"
"89,89,55,55"
"46,46,36,36"
"1,50,15,01,17,117"
"53,53,35,35"
"82,82,60,60"
"46,46,35,35"
"64,64,50,50"
"195,195,64,64"
"83,83,61,61"
"1,30,13,01,03,103"
"78,78,55,55"
"56,56,41,41"
"66,66,53,53"
"50,50,28,28"
"109,109,87,87"
"55,55,46,46"
"134,134,89,89"
"37,37,27,27"
"255,255,98,98"
"53,53,35,35"
"105,105,80,80"
"1,72,17,21,32,132"
"34,34,28,28"
"116,116,95,95"
"53,53,47,47"
"62,62,47,47"
"37,37,29,29"
"105,105,80,80"
"45,45,27,27"
"45,45,37,37"
"1,46,14,61,13,113"
"221,221,95,95"
"58,58,47,47"
"85,85,71,71"
"53,53,43,43"
"132,132,97,97"
"101,101,74,74"
"53,53,37,37"
"53,53,49,49"
"118,118,94,94"
"75,75,59,59"
"40,40,30,30"
"101,101,74,74"
"81,81,63,63"
"52,52,42,42"
"95,95,77,77"
"86,86,75,75"
"66,66,55,55"
"46,46,37,37"
"1,56,15,61,20,120"
"78,78,60,60"
"93,93,72,72"
"60,60,53,53"
"49,49,40,40"
"93,93,67,67"
"1,38,13,81,07,107"
"75,75,61,61"
"84,84,61,61"
"49,49,37,37"
"49,49,34,34"
"64,64,54,54"
"57,57,49,49"
"71,71,55,55"
"110,110,89,89"
"45,45,34,34"
"53,53,48,48"
"61,61,53,53"
"63,63,54,54"
"84,84,71,71"
"65,65,51,51"
"102,102,81,81"
"60,60,50,50"
"46,46,35,35"
"60,60,51,51"
"51,51,43,43"
"89,89,79,79"
"59,59,45,45"
"85,85,70,70"
"56,56,46,46"
"84,84,68,68"
"62,62,51,51"
"53,53,34,34"
"38,38,32,32"
"51,51,42,42"
"79,79,64,64"
"61,61,32,32"
"54,54,45,45"
"59,59,48,48"
"55,55,40,40"
"44,44,37,37"
"67,67,55,55"
"69,69,29,29"
"69,69,53,53"
"58,58,48,48"
"54,54,43,43"
"55,55,45,45"
"89,89,78,78"
"51,51,41,41"
"52,52,46,46"
"89,89,71,71"
"47,47,39,39"
"58,58,52,52"
"141,141,91,91"
"51,51,41,41"
"58,58,51,51"
"48,48,36,36"
"121,121,79,79"
"41,41,33,33"
"90,90,73,73"
"55,55,48,48"
"48,48,36,36"
"34,34,28,28"
"36,36,31,31"
"54,54,45,45"
"92,92,70,70"
"98,98,67,67"
"49,49,34,34"
"44,44,37,37"
"123,123,98,98"
"98,98,73,73"
"50,50,41,41"
"84,84,67,67"
"100,100,75,75"
"90,90,67,67"
"182,182,72,72"
"182,182,69,69"
"1,82,18,21,20,120"
"1,82,18,21,60,160"
"208,208,52,52"
"208,208,95,95"
"89,89,61,61"
"53,53,42,42"
"3,31,33,11,43,143"
"3,31,33,12,69,269"
"87,87,65,65"
"1,62,16,21,32,132"
"1,74,17,41,16,116"
"147,147,73,73"
"147,147,87,87"
"83,83,63,63"
"89,89,69,69"
"52,52,39,39"
"75,75,60,60"
"1,40,14,01,13,113"
"72,72,57,57"
"151,151,99,99"
"48,48,36,36"
"66,66,51,51"
"62,62,51,51"
"1,93,19,31,68,168"
"193,193,93,93"
"114,114,86,86"
"1,35,13,51,03,103"
"89,89,67,67"
"99,99,72,72"
"49,49,40,40"
"1,23,12,31,01,101"
"57,57,47,47"
"61,61,54,54"
"94,94,68,68"
"56,56,47,47"
"60,60,52,52"
"87,87,70,70"
"50,50,37,37"
"79,79,64,64"
"62,62,53,53"
"1,44,14,41,11,111"
"97,97,69,69"
"48,48,40,40"
"38,38,32,32"
"72,72,59,59"
"62,62,52,52"
"78,78,65,65"
"78,78,43,43"
"118,118,93,93"
"101,101,80,80"
"65,65,54,54"
"64,64,54,54"
"47,47,40,40"
"73,73,52,52"
"92,92,81,81"
"108,108,85,85"
"59,59,51,51"
"1,40,14,01,08,108"
"63,63,54,54"
"140,140,93,93"
"140,140,60,60"
"94,94,71,71"
"196,196,87,87"
"151,151,92,92"
"65,65,54,54"
"54,54,45,45"
"101,101,79,79"
"89,89,73,73"
"114,114,79,79"
"79,79,63,63"
"89,89,65,65"
"58,58,55,55"
"53,53,44,44"
"91,91,75,75"
"79,79,63,63"
"77,77,63,63"
"53,53,42,42"
"99,99,77,77"
"62,62,53,53"
"85,85,74,74"
"1,41,14,11,06,106"
"89,89,70,70"
"58,58,32,32"
"48,48,39,39"
"62,62,52,52"
"74,74,57,57"
"67,67,54,54"
"80,80,68,68"
"121,121,90,90"
"77,77,60,60"
"52,52,46,46"
"62,62,53,53"
"64,64,54,54"
"78,78,56,56"
"86,86,79,79"
"70,70,57,57"
"103,103,74,74"
"47,47,35,35"
"58,58,51,51"
"62,62,53,53"
"58,58,49,49"
"89,89,59,59"
"81,81,62,62"
"43,43,31,31"
"55,55,42,42"
"65,65,53,53"
"97,97,70,70"
"60,60,52,52"
"80,80,68,68"
"36,36,30,30"
"90,90,67,67"
"56,56,46,46"
"54,54,42,42"
"58,58,52,52"
"89,89,57,57"
"51,51,45,45"
"82,82,72,72"
"31,31,27,27"
"1,69,16,91,29,129"
"79,79,61,61"
"50,50,36,36"
"56,56,47,47"
"52,52,45,45"
"80,80,72,72"
"1,30,13,01,01,101"
"51,51,28,28"
"76,76,58,58"
"58,58,48,48"
"49,49,36,36"
"58,58,48,48"
"89,89,72,72"
"68,68,55,55"
"109,109,83,83"
"45,45,33,33"
"54,54,41,41"
"55,55,46,46"
"61,61,53,53"
"2,26,22,62,06,206"
"2,26,22,61,04,104"
"2,26,22,61,10,110"
"84,84,66,66"
"53,53,45,45"
"47,47,40,40"
"104,104,93,93"
"96,96,81,81"
"71,71,57,57"
"42,42,32,32"
"2,07,20,71,83,183"
"207,207,93,93"
"3,31,33,12,17,217"
"3,31,33,11,16,116"
"61,61,51,51"
"51,51,42,42"
"69,69,51,51"
"2,46,24,61,70,170"
"246,246,90,90"
"31,31,27,27"
"36,36,33,33"
"101,101,86,86"
"49,49,40,40"
"57,57,47,47"
"58,58,51,51"
"1,45,14,51,16,116"
"58,58,52,52"
"57,57,51,51"
"1,68,16,81,49,149"
"1,36,13,61,02,102"
"255,255,82,82"
"2,55,25,51,58,158"
"2,55,25,52,15,215"
"255,255,90,90"
"50,50,37,37"
"51,51,39,39"
"64,64,52,52"
"55,55,48,48"
"49,49,38,38"
"35,35,30,30"
"124,124,98,98"
"1,58,15,81,32,132"
"102,102,83,83"
"59,59,48,48"
"53,53,44,44"
"75,75,52,52"
"43,43,38,38"
"36,36,29,29"
"152,152,78,78"
"62,62,52,52"
"89,89,81,81"
"1,47,14,71,23,123"
"147,147,78,78"
"147,147,78,78"
"55,55,45,45"
"54,54,43,43"
"104,104,82,82"
"45,45,35,35"
"37,37,30,30"
"93,93,75,75"
"1,49,14,91,27,127"
"149,149,80,80"
"107,107,56,56"
"107,107,57,57"
"107,107,68,68"
"70,70,57,57"
"50,50,38,38"
"31,31,28,28"
"50,50,38,38"
"82,82,65,65"
"90,90,63,63"
"90,90,50,50"
"38,38,29,29"
"2,25,22,51,33,133"
"2,25,22,51,92,192"
"225,225,93,93"
"196,196,91,91"
"49,49,38,38"
"49,49,38,38"
"73,73,60,60"
"1,31,13,11,06,106"
"1,76,17,61,20,120"
"139,139,97,97"
"46,46,36,36"
"36,36,30,30"
"88,88,63,63"
"88,88,50,50"
"39,39,33,33"
"44,44,35,35"
"43,43,38,38"
"31,31,26,26"
"106,106,86,86"
"122,122,77,77"
"85,85,64,64"
"155,155,76,76"
"1,55,15,51,22,122"
"34,34,28,28"
"33,33,27,27"
"49,49,41,41"
"43,43,36,36"
"48,48,36,36"
"63,63,55,55"
"86,86,67,67"
"111,111,91,91"
"1,89,18,91,34,134"
"33,33,29,29"
"41,41,32,32"
"54,54,47,47"
"40,40,34,34"
"58,58,52,52"
"98,98,41,41"
"98,98,77,77"
"126,126,93,93"
"88,88,72,72"
"2,37,23,71,51,151"
"237,237,92,92"
"41,41,34,34"
"69,69,58,58"
"57,57,49,49"
"60,60,52,52"
"80,80,64,64"
"66,66,55,55"
"82,82,66,66"
"2,41,24,11,40,140"
"241,241,88,88"
"37,37,30,30"
"35,35,28,28"
"54,54,46,46"
"44,44,36,36"
"69,69,56,56"
"66,66,57,57"
"55,55,51,51"
"77,77,61,61"
"127,127,76,76"
"80,80,64,64"
"255,255,95,95"
"2,55,25,51,66,166"
"35,35,30,30"
"31,31,26,26"
"1,64,16,41,28,128"
"51,51,42,42"
"53,53,44,44"
"59,59,51,51"
"71,71,57,57"
"36,36,32,32"
"40,40,31,31"
"102,102,84,84"
"93,93,70,70"
"67,67,55,55"
"116,116,72,72"
"116,116,50,50"
"2,26,22,61,62,162"
"2,26,22,61,06,106"
"226,226,94,94"
"1,46,14,61,19,119"
"55,55,43,43"
"37,37,31,31"
"53,53,50,50"
"55,55,48,48"
"69,69,60,60"
"41,41,34,34"
"1,96,19,61,40,140"
"99,99,63,63"
"1,70,17,01,28,128"
"113,113,91,91"
"31,31,25,25"
"33,33,29,29"
"53,53,43,43"
"75,75,64,64"
"60,60,51,51"
"69,69,64,64"
"69,69,39,39"
"61,61,52,52"
"46,46,38,38"
"59,59,51,51"
"73,73,60,60"
"90,90,60,60"
"1,92,19,21,00,100"
"47,47,39,39"
"169,169,99,99"
"169,169,68,68"
"71,71,59,59"
"59,59,49,49"
"69,69,54,54"
"50,50,40,40"
"52,52,41,41"
"85,85,75,75"
"32,32,27,27"
"77,77,59,59"
"73,73,64,64"
"1,99,19,91,08,108"
"51,51,42,42"
"68,68,58,58"
"57,57,47,47"
"49,49,38,38"
"52,52,42,42"
"145,145,92,92"
"145,145,53,53"
"74,74,58,58"
"169,169,97,97"
"1,72,17,21,11,111"
"172,172,60,60"
"32,32,26,26"
"50,50,43,43"
"54,54,44,44"
"137,137,91,91"
"57,57,49,49"
"69,69,60,60"
"65,65,50,50"
"1,39,13,91,10,110"
"1,30,13,01,10,110"
"130,130,58,58"
"33,33,29,29"
"54,54,43,43"
"64,64,54,54"
"54,54,46,46"
"59,59,52,52"
"111,111,90,90"
"130,130,58,58"
"1,30,13,01,16,116"
"37,37,31,31"
"52,52,42,42"
"134,134,56,56"
"134,134,83,83"
"62,62,54,54"
"56,56,49,49"
"70,70,58,58"
"1,49,14,91,18,118"
"85,85,69,69"
"49,49,39,39"
"99,99,78,78"
"58,58,50,50"
"44,44,34,34"
"122,122,98,98"
"1,96,19,61,17,117"
"196,196,62,62"
"59,59,51,51"
"53,53,50,50"
"63,63,54,54"
"139,139,99,99"
"95,95,75,75"
"127,127,59,59"
"127,127,63,63"
"127,127,91,91"
"58,58,47,47"
"95,95,75,75"
"47,47,36,36"
"48,48,39,39"
"58,58,52,52"
"81,81,66,66"
"118,118,85,85"
"45,45,35,35"
"61,61,54,54"
"104,104,59,59"
"53,53,45,45"
"50,50,41,41"
"181,181,66,66"
"1,81,18,11,11,111"
"87,87,67,67"
"54,54,44,44"
"57,57,46,46"
"106,106,85,85"
"47,47,36,36"
"57,57,50,50"
"69,69,59,59"
"83,83,61,61"
"69,69,60,60"
"61,61,52,52"
"92,92,83,83"
"41,41,34,34"
"52,52,42,42"
"55,55,48,48"
"61,61,52,52"
"1,64,16,41,02,102"
"164,164,62,62"
"69,69,56,56"
"90,90,53,53"
"90,90,79,79"
"59,59,51,51"
"37,37,30,30"
"50,50,37,37"
"66,66,51,51"
"69,69,56,56"
"77,77,62,62"
"57,57,48,48"
"83,83,66,66"
"64,64,52,52"
"42,42,34,34"
"47,47,36,36"
"95,95,72,72"
"52,52,42,42"
"45,45,32,32"
"53,53,48,48"
"61,61,49,49"
"78,78,61,61"
"44,44,33,33"
"53,53,44,44"
"52,52,44,44"
"60,60,45,45"
"56,56,44,44"
"36,36,33,33"
"53,53,34,34"
"53,53,47,47"
"72,72,62,62"
"34,34,28,28"
"48,48,38,38"
"112,112,82,82"
"63,63,51,51"
"127,127,71,71"
"127,127,85,85"
"88,88,65,65"
"56,56,43,43"
"110,110,75,75"
"35,35,27,27"
"54,54,38,38"
"85,85,58,58"
"56,56,33,33"
"88,88,70,70"
"45,45,34,34"
"76,76,58,58"
"53,53,29,29"
"45,45,33,33"
"55,55,50,50"
"1,47,14,71,02,102"
"43,43,32,32"
"56,56,46,46"
"69,69,53,53"
"115,115,83,83"
"39,39,29,29"
"57,57,48,48"
"55,55,43,43"
"94,94,68,68"
"53,53,31,31"
"58,58,46,46"
"41,41,34,34"
"1,29,12,91,03,103"
"44,44,32,32"
"79,79,61,61"
"57,57,45,45"
"43,43,35,35"
"100,100,76,76"
"68,68,54,54"
"55,55,39,39"
"87,87,70,70"
"31,31,27,27"
"47,47,28,28"
"61,61,51,51"
"51,51,39,39"
"74,74,59,59"
"31,31,26,26"
"60,60,49,49"
"51,51,37,37"
"56,56,44,44"
"51,51,35,35"
"62,62,54,54"
"49,49,35,35"
"50,50,39,39"
"138,138,91,91"
"63,63,52,52"
"48,48,41,41"
"1,56,15,61,32,132"
"1,32,13,21,10,110"
"55,55,28,28"
"112,112,85,85"
"42,42,37,37"
"64,64,53,53"
"131,131,94,94"
"48,48,33,33"
"90,90,71,71"
"75,75,49,49"
"72,72,59,59"
"107,107,84,84"
"134,134,94,94"
"91,91,71,71"
"37,37,30,30"
"57,57,32,32"
"59,59,51,51"
"74,74,61,61"
"112,112,82,82"
"57,57,49,49"
"55,55,29,29"
"55,55,50,50"
"35,35,30,30"
"79,79,67,67"
"134,134,70,70"
"134,134,82,82"
"53,53,46,46"
"63,63,53,53"
"62,62,51,51"
"50,50,39,39"
"63,63,55,55"
"57,57,48,48"
"59,59,51,51"
"50,50,40,40"
"89,89,55,55"
"57,57,47,47"
"52,52,42,42"
"51,51,42,42"
"50,50,40,40"
"62,62,43,43"
"50,50,36,36"
"1,48,14,81,20,120"
"148,148,60,60"
"61,61,41,41"
"143,143,52,52"
"143,143,88,88"
"47,47,36,36"
"111,111,85,85"
"91,91,75,75"
"53,53,37,37"
"81,81,64,64"
"48,48,34,34"
"1,96,19,61,44,144"
"64,64,55,55"
"48,48,33,33"
"1,35,13,51,06,106"
"58,58,52,52"
"111,111,89,89"
"57,57,48,48"
"101,101,79,79"
"316,316,69,69"
"316,316,63,63"
"73,73,60,60"
"52,52,42,42"
"258,258,61,61"
"2,58,25,82,00,200"
"83,83,67,67"
"181,181,45,45"
"50,50,39,39"
"74,74,61,61"
"222,222,55,55"
"2,22,22,21,62,162"
"2,55,25,52,12,212"
"1,57,15,71,19,119"
"48,48,39,39"
"132,132,92,92"
"65,65,55,55"
"1,87,18,71,52,152"
"64,64,55,55"
"102,102,74,74"
"1,74,17,41,37,137"
"58,58,52,52"
"38,38,31,31"
"89,89,59,59"
"86,86,64,64"
"1,32,13,21,14,114"
"43,43,33,33"
"53,53,47,47"
"124,124,82,82"
"50,50,40,40"
"62,62,54,54"
"112,112,98,98"
"114,114,72,72"
"66,66,53,53"
"110,110,91,91"
"50,50,39,39"
"47,47,41,41"
"95,95,70,70"
"60,60,49,49"
"116,116,85,85"
"85,85,63,63"
"54,54,38,38"
"53,53,45,45"
"100,100,88,88"
"112,112,84,84"
"71,71,53,53"
"51,51,36,36"
"49,49,40,40"
"100,100,78,78"
"1,83,18,31,36,136"
"79,79,62,62"
"49,49,35,35"
"97,97,68,68"
"46,46,36,36"
"89,89,62,62"
"89,89,55,55"
"1,50,15,01,17,117"
"82,82,60,60"
"53,53,35,35"
"46,46,35,35"
"64,64,50,50"
"195,195,64,64"
"83,83,61,61"
"1,30,13,01,03,103"
"78,78,55,55"
"56,56,41,41"
"66,66,53,53"
"50,50,28,28"
"109,109,87,87"
"55,55,46,46"
"37,37,27,27"
"134,134,89,89"
"53,53,35,35"
"105,105,80,80"
"34,34,28,28"
"1,72,17,21,32,132"
"255,255,98,98"
"53,53,47,47"
"116,116,95,95"
"62,62,47,47"
"37,37,29,29"
"105,105,80,80"
"45,45,27,27"
"45,45,37,37"
"1,46,14,61,13,113"
"221,221,95,95"
"58,58,47,47"
"85,85,71,71"
"53,53,43,43"
"118,118,94,94"
"132,132,97,97"
"101,101,74,74"
"53,53,37,37"
"53,53,49,49"
"75,75,59,59"
"40,40,30,30"
"81,81,63,63"
"101,101,74,74"
"95,95,77,77"
"46,46,37,37"
"52,52,42,42"
"66,66,55,55"
"86,86,75,75"
"1,56,15,61,20,120"
"78,78,60,60"
"93,93,72,72"
"93,93,67,67"
"60,60,53,53"
"49,49,40,40"
"75,75,61,61"
"1,38,13,81,07,107"
"84,84,61,61"
"49,49,37,37"
"49,49,34,34"
"57,57,49,49"
"64,64,54,54"
"71,71,55,55"
"53,53,48,48"
"84,84,71,71"
"61,61,53,53"
"45,45,34,34"
"63,63,54,54"
"110,110,89,89"
"65,65,51,51"
"60,60,50,50"
"102,102,81,81"
"89,89,79,79"
"46,46,35,35"
"51,51,43,43"
"60,60,51,51"
"59,59,45,45"
"85,85,70,70"
"56,56,46,46"
"53,53,34,34"
"84,84,68,68"
"62,62,51,51"
"38,38,32,32"
"51,51,42,42"
"79,79,64,64"
"61,61,32,32"
"54,54,45,45"
"59,59,48,48"
"55,55,40,40"
"44,44,37,37"
"67,67,55,55"
"69,69,29,29"
"69,69,53,53"
"58,58,48,48"
"54,54,43,43"
"55,55,45,45"
"89,89,78,78"
"52,52,46,46"
"47,47,39,39"
"58,58,52,52"
"51,51,41,41"
"89,89,71,71"
"141,141,91,91"
"51,51,41,41"
"58,58,51,51"
"48,48,36,36"
"121,121,79,79"
"41,41,33,33"
"48,48,36,36"
"55,55,48,48"
"90,90,73,73"
"34,34,28,28"
"36,36,31,31"
"98,98,67,67"
"54,54,45,45"
"49,49,34,34"
"92,92,70,70"
"44,44,37,37"
"123,123,98,98"
"98,98,73,73"
"50,50,41,41"
"84,84,67,67"
"100,100,75,75"
"90,90,67,67"
"1,82,18,21,20,120"
"1,82,18,21,60,160"
"182,182,72,72"
"182,182,69,69"
"208,208,52,52"
"208,208,95,95"
"89,89,61,61"
"53,53,42,42"
"87,87,65,65"
"1,62,16,21,32,132"
"3,31,33,12,69,269"
"3,31,33,11,43,143"
"147,147,73,73"
"147,147,87,87"
"83,83,63,63"
"1,74,17,41,16,116"
"89,89,69,69"
"52,52,39,39"
"75,75,60,60"
"1,40,14,01,13,113"
"72,72,57,57"
"151,151,99,99"
"48,48,36,36"
"66,66,51,51"
"62,62,51,51"
"1,93,19,31,68,168"
"193,193,93,93"
"1,35,13,51,03,103"
"89,89,67,67"
"114,114,86,86"
"99,99,72,72"
"49,49,40,40"
"1,23,12,31,01,101"
"57,57,47,47"
"61,61,54,54"
"94,94,68,68"
"87,87,70,70"
"56,56,47,47"
"60,60,52,52"
"50,50,37,37"
"79,79,64,64"
"62,62,53,53"
"1,44,14,41,11,111"
"97,97,69,69"
"48,48,40,40"
"38,38,32,32"
"72,72,59,59"
"62,62,52,52"
"78,78,65,65"
"78,78,43,43"
"118,118,93,93"
"101,101,80,80"
"65,65,54,54"
"47,47,40,40"
"64,64,54,54"
"73,73,52,52"
"1,40,14,01,08,108"
"92,92,81,81"
"59,59,51,51"
"108,108,85,85"
"63,63,54,54"
"140,140,93,93"
"140,140,60,60"
"94,94,71,71"
"196,196,87,87"
"151,151,92,92"
"101,101,79,79"
"54,54,45,45"
"65,65,54,54"
"89,89,73,73"
"114,114,79,79"
"79,79,63,63"
"89,89,65,65"
"58,58,55,55"
"53,53,44,44"
"91,91,75,75"
"79,79,63,63"
"77,77,63,63"
"53,53,42,42"
"99,99,77,77"
"62,62,53,53"
"85,85,74,74"
"1,41,14,11,06,106"
"89,89,70,70"
"58,58,32,32"
"48,48,39,39"
"62,62,52,52"
"67,67,54,54"
"74,74,57,57"
"80,80,68,68"
"77,77,60,60"
"121,121,90,90"
"52,52,46,46"
"62,62,53,53"
"64,64,54,54"
"78,78,56,56"
"86,86,79,79"
"103,103,74,74"
"70,70,57,57"
"47,47,35,35"
"58,58,49,49"
"58,58,51,51"
"62,62,53,53"
"89,89,59,59"
"81,81,62,62"
"43,43,31,31"
"55,55,42,42"
"65,65,53,53"
"97,97,70,70"
"60,60,52,52"
"80,80,68,68"
"36,36,30,30"
"90,90,67,67"
"56,56,46,46"
"54,54,42,42"
"51,51,45,45"
"58,58,52,52"
"89,89,57,57"
"82,82,72,72"
"31,31,27,27"
"1,69,16,91,29,129"
"79,79,61,61"
"50,50,36,36"
"56,56,47,47"
"52,52,45,45"
"80,80,72,72"
"1,30,13,01,01,101"
"51,51,28,28"
"76,76,58,58"
"58,58,48,48"
"49,49,36,36"
"58,58,48,48"
"89,89,72,72"
"68,68,55,55"
"45,45,33,33"
"109,109,83,83"
"55,55,46,46"
"54,54,41,41"
"61,61,53,53"
"84,84,66,66"
"2,26,22,62,06,206"
"2,26,22,61,04,104"
"2,26,22,61,10,110"
"47,47,40,40"
"104,104,93,93"
"96,96,81,81"
"53,53,45,45"
"71,71,57,57"
"42,42,32,32"
"51,51,42,42"
"2,07,20,71,83,183"
"207,207,93,93"
"3,31,33,12,17,217"
"3,31,33,11,16,116"
"61,61,51,51"
"69,69,51,51"
"2,46,24,61,70,170"
"246,246,90,90"
"31,31,27,27"
"36,36,33,33"
"57,57,47,47"
"58,58,51,51"
"49,49,40,40"
"101,101,86,86"
"1,45,14,51,16,116"
"58,58,52,52"
"1,36,13,61,02,102"
"57,57,51,51"
"1,68,16,81,49,149"
"51,51,39,39"
"50,50,37,37"
"64,64,52,52"
"55,55,48,48"
"255,255,82,82"
"255,255,90,90"
"2,55,25,51,58,158"
"2,55,25,52,15,215"
"49,49,38,38"
"35,35,30,30"
"124,124,98,98"
"1,58,15,81,32,132"
"102,102,83,83"
"53,53,44,44"
"43,43,38,38"
"75,75,52,52"
"59,59,48,48"
"36,36,29,29"
"152,152,78,78"
"62,62,52,52"
"89,89,81,81"
"1,47,14,71,23,123"
"147,147,78,78"
"147,147,78,78"
"104,104,82,82"
"55,55,45,45"
"54,54,43,43"
"45,45,35,35"
"37,37,30,30"
"93,93,75,75"
"1,49,14,91,27,127"
"149,149,80,80"
"107,107,56,56"
"107,107,57,57"
"107,107,68,68"
"70,70,57,57"
"50,50,38,38"
"31,31,28,28"
"50,50,38,38"
"90,90,50,50"
"90,90,63,63"
"38,38,29,29"
"82,82,65,65"
"225,225,93,93"
"2,25,22,51,33,133"
"2,25,22,51,92,192"
"196,196,91,91"
"49,49,38,38"
"49,49,38,38"
"73,73,60,60"
"1,31,13,11,06,106"
"139,139,97,97"
"1,76,17,61,20,120"
"88,88,63,63"
"88,88,50,50"
"36,36,30,30"
"46,46,36,36"
"39,39,33,33"
"44,44,35,35"
"43,43,38,38"
"31,31,26,26"
"85,85,64,64"
"155,155,76,76"
"1,55,15,51,22,122"
"106,106,86,86"
"122,122,77,77"
"34,34,28,28"
"49,49,41,41"
"33,33,27,27"
"43,43,36,36"
"63,63,55,55"
"48,48,36,36"
"86,86,67,67"
"111,111,91,91"
"1,89,18,91,34,134"
"33,33,29,29"
"41,41,32,32"
"54,54,47,47"
"58,58,52,52"
"40,40,34,34"
"98,98,41,41"
"98,98,77,77"
"88,88,72,72"
"2,37,23,71,51,151"
"237,237,92,92"
"126,126,93,93"
"57,57,49,49"
"80,80,64,64"
"60,60,52,52"
"41,41,34,34"
"69,69,58,58"
"66,66,55,55"
"82,82,66,66"
"2,41,24,11,40,140"
"241,241,88,88"
"37,37,30,30"
"35,35,28,28"
"54,54,46,46"
"44,44,36,36"
"66,66,57,57"
"69,69,56,56"
"55,55,51,51"
"77,77,61,61"
"80,80,64,64"
"255,255,95,95"
"2,55,25,51,66,166"
"127,127,76,76"
"35,35,30,30"
"31,31,26,26"
"1,64,16,41,28,128"
"71,71,57,57"
"36,36,32,32"
"40,40,31,31"
"102,102,84,84"
"59,59,51,51"
"53,53,44,44"
"51,51,42,42"
"93,93,70,70"
"67,67,55,55"
"116,116,72,72"
"116,116,50,50"
"2,26,22,61,62,162"
"226,226,94,94"
"2,26,22,61,06,106"
"1,46,14,61,19,119"
"55,55,43,43"
"37,37,31,31"
"53,53,50,50"
"55,55,48,48"
"69,69,60,60"
"1,96,19,61,40,140"
"41,41,34,34"
"99,99,63,63"
"113,113,91,91"
"1,70,17,01,28,128"
"31,31,25,25"
"33,33,29,29"
"53,53,43,43"
"75,75,64,64"
"60,60,51,51"
"69,69,64,64"
"69,69,39,39"
"61,61,52,52"
"46,46,38,38"
"59,59,51,51"
"73,73,60,60"
"90,90,60,60"
"1,92,19,21,00,100"
"169,169,99,99"
"169,169,68,68"
"69,69,54,54"
"59,59,49,49"
"71,71,59,59"
"52,52,41,41"
"85,85,75,75"
"47,47,39,39"
"50,50,40,40"
"32,32,27,27"
"77,77,59,59"
"73,73,64,64"
"1,99,19,91,08,108"
"57,57,47,47"
"145,145,92,92"
"145,145,53,53"
"49,49,38,38"
"52,52,42,42"
"68,68,58,58"
"51,51,42,42"
"74,74,58,58"
"169,169,97,97"
"1,72,17,21,11,111"
"172,172,60,60"
"32,32,26,26"
"137,137,91,91"
"50,50,43,43"
"54,54,44,44"
"57,57,49,49"
"69,69,60,60"
"65,65,50,50"
"1,30,13,01,10,110"
"130,130,58,58"
"1,39,13,91,10,110"
"33,33,29,29"
"54,54,43,43"
"64,64,54,54"
"54,54,46,46"
"59,59,52,52"
"111,111,90,90"
"130,130,58,58"
"1,30,13,01,16,116"
"37,37,31,31"
"134,134,56,56"
"134,134,83,83"
"62,62,54,54"
"56,56,49,49"
"70,70,58,58"
"52,52,42,42"
"1,49,14,91,18,118"
"85,85,69,69"
"99,99,78,78"
"44,44,34,34"
"58,58,50,50"
"49,49,39,39"
"53,53,50,50"
"122,122,98,98"
"196,196,62,62"
"1,96,19,61,17,117"
"59,59,51,51"
"63,63,54,54"
"139,139,99,99"
"95,95,75,75"
"127,127,59,59"
"127,127,63,63"
"127,127,91,91"
"58,58,47,47"
"95,95,75,75"
"47,47,36,36"
"48,48,39,39"
"58,58,52,52"
"81,81,66,66"
"118,118,85,85"
"53,53,45,45"
"104,104,59,59"
"181,181,66,66"
"1,81,18,11,11,111"
"45,45,35,35"
"50,50,41,41"
"61,61,54,54"
"87,87,67,67"
"54,54,44,44"
"57,57,46,46"
"106,106,85,85"
"47,47,36,36"
"57,57,50,50"
"69,69,59,59"
"83,83,61,61"
"69,69,60,60"
"41,41,34,34"
"55,55,48,48"
"61,61,52,52"
"52,52,42,42"
"92,92,83,83"
"61,61,52,52"
"164,164,62,62"
"1,64,16,41,02,102"
"69,69,56,56"
"37,37,30,30"
"59,59,51,51"
"50,50,37,37"
"66,66,51,51"
"69,69,56,56"
"90,90,53,53"
"90,90,79,79"
"77,77,62,62"
"57,57,48,48"
"83,83,66,66"
"64,64,52,52"
"42,42,34,34"
"47,47,36,36"
"95,95,72,72"
"45,45,32,32"
"53,53,48,48"
"61,61,49,49"
"44,44,33,33"
"52,52,42,42"
"78,78,61,61"
"53,53,44,44"
"60,60,45,45"
"52,52,44,44"
"56,56,44,44"
"36,36,33,33"
"53,53,34,34"
"53,53,47,47"
"72,72,62,62"
"35,35,27,27"
"58,58,46,46"
"52,52,44,44"
"64,64,50,50"
"39,39,33,33"
"54,54,41,41"
"68,68,60,60"
"63,63,53,53"
"48,48,40,40"
"36,36,30,30"
"64,64,57,57"
"52,52,41,41"
"53,53,40,40"
"69,69,57,57"
"61,61,53,53"
"34,34,30,30"
"48,48,36,36"
"51,51,42,42"
"34,34,28,28"
"112,112,82,82"
"48,48,38,38"
"63,63,51,51"
"127,127,71,71"
"127,127,85,85"
"88,88,65,65"
"56,56,43,43"
"110,110,75,75"
"35,35,27,27"
"54,54,38,38"
"85,85,58,58"
"56,56,33,33"
"88,88,70,70"
"45,45,34,34"
"53,53,29,29"
"76,76,58,58"
"45,45,33,33"
"55,55,50,50"
"1,47,14,71,02,102"
"43,43,32,32"
"69,69,53,53"
"56,56,46,46"
"115,115,83,83"
"39,39,29,29"
"57,57,48,48"
"55,55,43,43"
"94,94,68,68"
"53,53,31,31"
"58,58,46,46"
"41,41,34,34"
"1,29,12,91,03,103"
"44,44,32,32"
"79,79,61,61"
"43,43,35,35"
"57,57,45,45"
"100,100,76,76"
"68,68,54,54"
"55,55,39,39"
"87,87,70,70"
"31,31,27,27"
"47,47,28,28"
"61,61,51,51"
"51,51,39,39"
"74,74,59,59"
"31,31,26,26"
"60,60,49,49"
"51,51,37,37"
"51,51,35,35"
"56,56,44,44"
"62,62,54,54"
"49,49,35,35"
"50,50,39,39"
"138,138,91,91"
"63,63,52,52"
"48,48,41,41"
"1,56,15,61,32,132"
"1,32,13,21,10,110"
"55,55,28,28"
"42,42,37,37"
"112,112,85,85"
"64,64,53,53"
"131,131,94,94"
"90,90,71,71"
"48,48,33,33"
"75,75,49,49"
"72,72,59,59"
"107,107,84,84"
"134,134,94,94"
"91,91,71,71"
"37,37,30,30"
"57,57,32,32"
"59,59,51,51"
"74,74,61,61"
"112,112,82,82"
"55,55,29,29"
"55,55,50,50"
"57,57,49,49"
"35,35,30,30"
"79,79,67,67"
"134,134,70,70"
"134,134,82,82"
"53,53,46,46"
"63,63,53,53"
"62,62,51,51"
"50,50,39,39"
"63,63,55,55"
"57,57,48,48"
"59,59,51,51"
"50,50,40,40"
"89,89,55,55"
"52,52,42,42"
"57,57,47,47"
"51,51,42,42"
"50,50,40,40"
"62,62,43,43"
"50,50,36,36"
"1,48,14,81,20,120"
"148,148,60,60"
"61,61,41,41"
"143,143,52,52"
"143,143,88,88"
"47,47,36,36"
"111,111,85,85"
"91,91,75,75"
"81,81,64,64"
"53,53,37,37"
"48,48,34,34"
"64,64,55,55"
"1,96,19,61,44,144"
"48,48,33,33"
"1,35,13,51,06,106"
"58,58,52,52"
"57,57,48,48"
"111,111,89,89"
"101,101,79,79"
"316,316,69,69"
"316,316,63,63"
"73,73,60,60"
"52,52,42,42"
"83,83,67,67"
"2,58,25,82,00,200"
"258,258,61,61"
"181,181,45,45"
"50,50,39,39"
"74,74,61,61"
"222,222,55,55"
"2,22,22,21,62,162"
"2,55,25,52,12,212"
"1,57,15,71,19,119"
"48,48,39,39"
"65,65,55,55"
"132,132,92,92"
"1,87,18,71,52,152"
"64,64,55,55"
"102,102,74,74"
"1,74,17,41,37,137"
"38,38,31,31"
"58,58,52,52"
"89,89,59,59"
"34,34,28,28"
"112,112,82,82"
"48,48,38,38"
"63,63,51,51"
"127,127,71,71"
"127,127,85,85"
"88,88,65,65"
"56,56,43,43"
"110,110,75,75"
"35,35,27,27"
"54,54,38,38"
"85,85,58,58"
"56,56,33,33"
"88,88,70,70"
"45,45,34,34"
"53,53,29,29"
"76,76,58,58"
"45,45,33,33"
"55,55,50,50"
"147,147,102,102"
"56,56,46,46"
"43,43,32,32"
"69,69,53,53"
